time[ms],lastViconFrame,desiredTension1,desiredTension2,desiredTension3,desiredTension4,desiredTension5,desiredTension6,desiredTension7,desiredTension8,desiredTension9,desiredTension10,desiredTension11,desiredTension12,desiredTension13,desiredTension14, tension1,tension2,tension3,tension4,tension5,tension6,tension7,tension8,tension9,tension10,tension11,tension12,tension13,tension14
0.000,0.000,0.000,0.000,0.000,0.000,0.000,0.000,0.000,0.000,0.000,0.000,0.000,0.000,0.000,0.000,0.000,0.000,0.000,0.000,0.000,0.000,0.000,0.000,0.000,0.000,0.000,0.000,0.000,0.000
0.000,0.000,0.000,0.000,0.000,0.000,0.000,0.000,0.000,0.000,0.000,0.000,0.000,0.000,0.000,0.000,0.000,0.000,0.000,0.000,0.000,0.000,0.000,0.000,0.000,0.000,0.000,0.000,0.000,0.000
0.000,0.000,0.000,0.000,0.000,0.000,0.000,0.000,0.000,0.000,0.000,0.000,0.000,0.000,0.000,0.000,0.000,0.000,0.000,0.000,0.000,0.000,0.000,0.000,0.000,0.000,0.000,0.000,0.000,0.000
0.000,0.000,0.000,0.000,0.000,0.000,0.000,0.000,0.000,0.000,0.000,0.000,0.000,0.000,0.000,0.000,0.000,0.000,0.000,0.000,0.000,0.000,0.000,0.000,0.000,0.000,0.000,0.000,0.000,0.000
0.000,0.000,0.000,0.000,0.000,0.000,0.000,0.000,0.000,0.000,0.000,0.000,0.000,0.000,0.000,0.000,0.000,0.000,0.000,0.000,0.000,0.000,0.000,0.000,0.000,0.000,0.000,0.000,0.000,0.000
0.000,0.000,0.000,0.000,0.000,0.000,0.000,0.000,0.000,0.000,0.000,0.000,0.000,0.000,0.000,0.000,0.000,0.000,0.000,0.000,0.000,0.000,0.000,0.000,0.000,0.000,0.000,0.000,0.000,0.000
0.000,0.000,0.000,0.000,0.000,0.000,0.000,0.000,0.000,0.000,0.000,0.000,0.000,0.000,0.000,0.000,0.000,0.000,0.000,0.000,0.000,0.000,0.000,0.000,0.000,0.000,0.000,0.000,0.000,0.000
0.000,0.000,0.000,0.000,0.000,0.000,0.000,0.000,0.000,0.000,0.000,0.000,0.000,0.000,0.000,0.000,0.000,0.000,0.000,0.000,0.000,0.000,0.000,0.000,0.000,0.000,0.000,0.000,0.000,0.000
0.000,0.000,0.000,0.000,0.000,0.000,0.000,0.000,0.000,0.000,0.000,0.000,0.000,0.000,0.000,0.000,0.000,0.000,0.000,0.000,0.000,0.000,0.000,0.000,0.000,0.000,0.000,0.000,0.000,0.000
0.000,0.000,0.000,0.000,0.000,0.000,0.000,0.000,0.000,0.000,0.000,0.000,0.000,0.000,0.000,0.000,0.000,0.000,0.000,0.000,0.000,0.000,0.000,0.000,0.000,0.000,0.000,0.000,0.000,0.000
0.000,0.000,0.000,0.000,0.000,0.000,0.000,0.000,0.000,0.000,0.000,0.000,0.000,0.000,0.000,0.000,0.000,0.000,0.000,0.000,0.000,0.000,0.000,0.000,0.000,0.000,0.000,0.000,0.000,0.000
0.000,0.000,0.000,0.000,0.000,0.000,0.000,0.000,0.000,0.000,0.000,0.000,0.000,0.000,0.000,0.000,0.000,0.000,0.000,0.000,0.000,0.000,0.000,0.000,0.000,0.000,0.000,0.000,0.000,0.000
0.000,0.000,0.000,0.000,0.000,0.000,0.000,0.000,0.000,0.000,0.000,0.000,0.000,0.000,0.000,0.000,0.000,0.000,0.000,0.000,0.000,0.000,0.000,0.000,0.000,0.000,0.000,0.000,0.000,0.000
0.000,0.000,0.000,0.000,0.000,0.000,0.000,0.000,0.000,0.000,0.000,0.000,0.000,0.000,0.000,0.000,0.000,0.000,0.000,0.000,0.000,0.000,0.000,0.000,0.000,0.000,0.000,0.000,0.000,0.000
0.000,0.000,0.000,0.000,0.000,0.000,0.000,0.000,0.000,0.000,0.000,0.000,0.000,0.000,0.000,0.000,0.000,0.000,0.000,0.000,0.000,0.000,0.000,0.000,0.000,0.000,0.000,0.000,0.000,0.000
0.000,0.000,0.000,0.000,0.000,0.000,0.000,0.000,0.000,0.000,0.000,0.000,0.000,0.000,0.000,0.000,0.000,0.000,0.000,0.000,0.000,0.000,0.000,0.000,0.000,0.000,0.000,0.000,0.000,0.000
0.000,0.000,0.000,0.000,0.000,0.000,0.000,0.000,0.000,0.000,0.000,0.000,0.000,0.000,0.000,0.000,0.000,0.000,0.000,0.000,0.000,0.000,0.000,0.000,0.000,0.000,0.000,0.000,0.000,0.000
0.000,0.000,0.000,0.000,0.000,0.000,0.000,0.000,0.000,0.000,0.000,0.000,0.000,0.000,0.000,0.000,0.000,0.000,0.000,0.000,0.000,0.000,0.000,0.000,0.000,0.000,0.000,0.000,0.000,0.000
0.000,0.000,0.000,0.000,0.000,0.000,0.000,0.000,0.000,0.000,0.000,0.000,0.000,0.000,0.000,0.000,0.000,0.000,0.000,0.000,0.000,0.000,0.000,0.000,0.000,0.000,0.000,0.000,0.000,0.000
0.000,0.000,0.000,0.000,0.000,0.000,0.000,0.000,0.000,0.000,0.000,0.000,0.000,0.000,0.000,0.000,0.000,0.000,0.000,0.000,0.000,0.000,0.000,0.000,0.000,0.000,0.000,0.000,0.000,0.000
0.000,0.000,0.000,0.000,0.000,0.000,0.000,0.000,0.000,0.000,0.000,0.000,0.000,0.000,0.000,0.000,0.000,0.000,0.000,0.000,0.000,0.000,0.000,0.000,0.000,0.000,0.000,0.000,0.000,0.000
0.000,0.000,0.000,0.000,0.000,0.000,0.000,0.000,0.000,0.000,0.000,0.000,0.000,0.000,0.000,0.000,0.000,0.000,0.000,0.000,0.000,0.000,0.000,0.000,0.000,0.000,0.000,0.000,0.000,0.000
0.000,0.000,0.000,0.000,0.000,0.000,0.000,0.000,0.000,0.000,0.000,0.000,0.000,0.000,0.000,0.000,0.000,0.000,0.000,0.000,0.000,0.000,0.000,0.000,0.000,0.000,0.000,0.000,0.000,0.000
0.000,0.000,0.000,0.000,0.000,0.000,0.000,0.000,0.000,0.000,0.000,0.000,0.000,0.000,0.000,0.000,0.000,0.000,0.000,0.000,0.000,0.000,0.000,0.000,0.000,0.000,0.000,0.000,0.000,0.000
0.000,0.000,0.000,0.000,0.000,0.000,0.000,0.000,0.000,0.000,0.000,0.000,0.000,0.000,0.000,0.000,0.000,0.000,0.000,0.000,0.000,0.000,0.000,0.000,0.000,0.000,0.000,0.000,0.000,0.000
0.000,0.000,0.000,0.000,0.000,0.000,0.000,0.000,0.000,0.000,0.000,0.000,0.000,0.000,0.000,0.000,0.000,0.000,0.000,0.000,0.000,0.000,0.000,0.000,0.000,0.000,0.000,0.000,0.000,0.000
0.000,0.000,0.000,0.000,0.000,0.000,0.000,0.000,0.000,0.000,0.000,0.000,0.000,0.000,0.000,0.000,0.000,0.000,0.000,0.000,0.000,0.000,0.000,0.000,0.000,0.000,0.000,0.000,0.000,0.000
0.000,0.000,0.000,0.000,0.000,0.000,0.000,0.000,0.000,0.000,0.000,0.000,0.000,0.000,0.000,0.000,0.000,0.000,0.000,0.000,0.000,0.000,0.000,0.000,0.000,0.000,0.000,0.000,0.000,0.000
0.000,0.000,0.000,0.000,0.000,0.000,0.000,0.000,0.000,0.000,0.000,0.000,0.000,0.000,0.000,0.000,0.000,0.000,0.000,0.000,0.000,0.000,0.000,0.000,0.000,0.000,0.000,0.000,0.000,0.000
505506754.000,255.000,0.000,0.000,0.000,0.000,0.000,0.000,0.000,0.000,0.000,0.000,0.000,0.000,0.000,0.000,0.000,0.345,0.542,0.000,0.000,-0.503,0.014,0.433,0.313,0.000,0.000,0.870,-0.252,0.000
505506784.000,255.000,0.000,0.000,0.000,0.000,0.000,0.000,0.000,0.000,0.000,0.000,0.000,0.000,0.000,0.000,0.000,0.329,0.520,0.000,0.000,-0.487,0.022,0.429,0.333,0.000,0.000,0.819,-0.252,0.000
505506814.000,255.000,0.000,0.000,0.000,0.000,0.000,0.000,0.000,0.000,0.000,0.000,0.000,0.000,0.000,0.000,0.000,0.334,0.506,0.000,0.000,-0.488,0.040,0.436,0.317,0.000,0.000,0.839,-0.252,0.000
505506844.000,255.000,0.000,0.000,0.000,0.000,0.000,0.000,0.000,0.000,0.000,0.000,0.000,0.000,0.000,0.000,0.000,0.356,0.487,0.000,0.000,-0.493,0.003,0.428,0.325,0.000,0.000,0.873,-0.252,0.000
505506874.000,255.000,0.000,0.000,0.000,0.000,0.000,0.000,0.000,0.000,0.000,0.000,0.000,0.000,0.000,0.000,0.000,0.369,0.503,0.000,0.000,-0.516,0.017,0.423,0.340,0.000,0.000,0.876,-0.252,0.000
505506904.000,255.000,0.000,0.000,0.000,0.000,0.000,0.000,0.000,0.000,0.000,0.000,0.000,0.000,0.000,0.000,0.000,0.353,0.511,0.000,0.000,-0.492,0.017,0.427,0.349,0.000,0.000,0.853,-0.252,0.000
505506934.000,255.000,0.000,0.000,0.000,0.000,0.000,0.000,0.000,0.000,0.000,0.000,0.000,0.000,0.000,0.000,0.000,0.340,0.509,0.000,0.000,-0.493,0.013,0.435,0.334,0.000,0.000,0.849,-0.252,0.000
505506964.000,255.000,0.000,0.000,0.000,0.000,0.000,0.000,0.000,0.000,0.000,0.000,0.000,0.000,0.000,0.000,0.000,0.341,0.549,0.000,0.000,-0.503,0.001,0.444,0.322,0.000,0.000,0.879,-0.252,0.000
505506995.000,255.000,0.000,0.000,0.000,0.000,0.000,0.000,0.000,0.000,0.000,0.000,0.000,0.000,0.000,0.000,0.000,0.372,0.498,0.000,0.000,-0.481,-0.019,0.384,0.295,0.000,0.000,0.885,-0.252,0.000
505507024.000,255.000,0.000,0.000,0.000,0.000,0.000,0.000,0.000,0.000,0.000,0.000,0.000,0.000,0.000,0.000,0.000,0.333,0.540,0.000,0.000,-0.500,-0.008,0.388,0.308,0.000,0.000,0.879,-0.252,0.000
505507054.000,255.000,0.000,0.000,0.000,0.000,0.000,0.000,0.000,0.000,0.000,0.000,0.000,0.000,0.000,0.000,0.000,0.361,0.520,0.000,0.000,-0.494,0.034,0.417,0.340,0.000,0.000,0.857,-0.252,0.000
505507084.000,255.000,0.000,0.000,0.000,0.000,0.000,0.000,0.000,0.000,0.000,0.000,0.000,0.000,0.000,0.000,0.000,0.348,0.513,0.000,0.000,-0.480,0.003,0.430,0.350,0.000,0.000,0.831,-0.252,0.000
505507114.000,255.000,0.000,0.000,0.000,0.000,0.000,0.000,0.000,0.000,0.000,0.000,0.000,0.000,0.000,0.000,0.000,0.339,0.506,0.000,0.000,-0.493,-0.022,0.426,0.354,0.000,0.000,0.840,-0.252,0.000
505507144.000,255.000,0.000,0.000,0.000,0.000,0.000,0.000,0.000,0.000,0.000,0.000,0.000,0.000,0.000,0.000,0.000,0.337,0.489,0.000,0.000,-0.486,-0.028,0.423,0.324,0.000,0.000,0.858,-0.252,0.000
505507174.000,255.000,0.000,0.000,0.000,0.000,0.000,0.000,0.000,0.000,0.000,0.000,0.000,0.000,0.000,0.000,0.000,0.336,0.489,0.000,0.000,-0.504,-0.036,0.430,0.319,0.000,0.000,0.843,-0.252,0.000
505507204.000,255.000,0.000,0.000,0.000,0.000,0.000,0.000,0.000,0.000,0.000,0.000,0.000,0.000,0.000,0.000,0.000,0.328,0.505,0.000,0.000,-0.526,0.008,0.440,0.324,0.000,0.000,0.834,-0.252,0.000
505507234.000,255.000,0.000,0.000,0.000,0.000,0.000,0.000,0.000,0.000,0.000,0.000,0.000,0.000,0.000,0.000,0.000,0.348,0.525,0.000,0.000,-0.513,0.028,0.442,0.329,0.000,0.000,0.849,-0.252,0.000
505507264.000,255.000,0.000,0.000,0.000,0.000,0.000,0.000,0.000,0.000,0.000,0.000,0.000,0.000,0.000,0.000,0.000,0.353,0.524,0.000,0.000,-0.451,0.005,0.424,0.328,0.000,0.000,0.858,-0.252,0.000
505507294.000,255.000,0.000,0.000,0.000,0.000,0.000,0.000,0.000,0.000,0.000,0.000,0.000,0.000,0.000,0.000,0.000,0.324,0.524,0.000,0.000,-0.482,0.002,0.428,0.331,0.000,0.000,0.864,-0.252,0.000
505507324.000,255.000,0.000,0.000,0.000,0.000,0.000,0.000,0.000,0.000,0.000,0.000,0.000,0.000,0.000,0.000,0.000,0.351,0.554,0.000,0.000,-0.477,-0.019,0.431,0.324,0.000,0.000,0.853,-0.252,0.000
505507354.000,255.000,0.000,0.000,0.000,0.000,0.000,0.000,0.000,0.000,0.000,0.000,0.000,0.000,0.000,0.000,0.000,0.331,0.571,0.000,0.000,-0.487,-0.004,0.440,0.329,0.000,0.000,0.854,-0.252,0.000
505507384.000,255.000,0.000,0.000,0.000,0.000,0.000,0.000,0.000,0.000,0.000,0.000,0.000,0.000,0.000,0.000,0.000,0.329,0.514,0.000,0.000,-0.495,-0.019,0.459,0.346,0.000,0.000,0.866,-0.252,0.000
505507414.000,255.000,0.000,0.000,0.000,0.000,0.000,0.000,0.000,0.000,0.000,0.000,0.000,0.000,0.000,0.000,0.000,0.320,0.506,0.000,0.000,-0.505,0.013,0.437,0.340,0.000,0.000,0.854,-0.252,0.000
505507444.000,255.000,0.000,0.000,0.000,0.000,0.000,0.000,0.000,0.000,0.000,0.000,0.000,0.000,0.000,0.000,0.000,0.350,0.534,0.000,0.000,-0.515,-0.001,0.431,0.349,0.000,0.000,0.843,-0.252,0.000
505507474.000,255.000,0.000,0.000,0.000,0.000,0.000,0.000,0.000,0.000,0.000,0.000,0.000,0.000,0.000,0.000,0.000,0.363,0.518,0.000,0.000,-0.504,-0.032,0.435,0.345,0.000,0.000,0.837,-0.252,0.000
505507504.000,255.000,0.000,0.000,0.000,0.000,0.000,0.000,0.000,0.000,0.000,0.000,0.000,0.000,0.000,0.000,0.000,0.362,0.531,0.000,0.000,-0.500,0.035,0.413,0.360,0.000,0.000,0.859,-0.252,0.000
505507534.000,255.000,0.000,0.000,0.000,0.000,0.000,0.000,0.000,0.000,0.000,0.000,0.000,0.000,0.000,0.000,0.000,0.356,0.514,0.000,0.000,-0.491,0.039,0.434,0.362,0.000,0.000,0.838,-0.252,0.000
505507564.000,255.000,0.000,0.000,0.000,0.000,0.000,0.000,0.000,0.000,0.000,0.000,0.000,0.000,0.000,0.000,0.000,0.358,0.489,0.000,0.000,-0.523,0.013,0.438,0.322,0.000,0.000,0.863,-0.252,0.000
505507594.000,255.000,0.000,0.000,0.000,0.000,0.000,0.000,0.000,0.000,0.000,0.000,0.000,0.000,0.000,0.000,0.000,0.351,0.511,0.000,0.000,-0.535,0.004,0.425,0.313,0.000,0.000,0.863,-0.252,0.000
505507624.000,255.000,0.000,0.000,0.000,0.000,0.000,0.000,0.000,0.000,0.000,0.000,0.000,0.000,0.000,0.000,0.000,0.340,0.502,0.000,0.000,-0.498,-0.007,0.406,0.346,0.000,0.000,0.839,-0.252,0.000
505507654.000,255.000,0.000,0.000,0.000,0.000,0.000,0.000,0.000,0.000,0.000,0.000,0.000,0.000,0.000,0.000,0.000,0.334,0.542,0.000,0.000,-0.529,0.037,0.411,0.355,0.000,0.000,0.832,-0.252,0.000
505507684.000,255.000,0.000,0.000,0.000,0.000,0.000,0.000,0.000,0.000,0.000,0.000,0.000,0.000,0.000,0.000,0.000,0.366,0.510,0.000,0.000,-0.484,0.016,0.441,0.334,0.000,0.000,0.880,-0.252,0.000
505507714.000,255.000,0.000,0.000,0.000,0.000,0.000,0.000,0.000,0.000,0.000,0.000,0.000,0.000,0.000,0.000,0.000,0.344,0.494,0.000,0.000,-0.488,0.014,0.427,0.343,0.000,0.000,0.855,-0.252,0.000
505507744.000,255.000,0.000,0.000,0.000,0.000,0.000,0.000,0.000,0.000,0.000,0.000,0.000,0.000,0.000,0.000,0.000,0.351,0.515,0.000,0.000,-0.515,-0.036,0.423,0.328,0.000,0.000,0.836,-0.252,0.000
505507774.000,255.000,0.000,0.000,0.000,0.000,0.000,0.000,0.000,0.000,0.000,0.000,0.000,0.000,0.000,0.000,0.000,0.332,0.511,0.000,0.000,-0.526,-0.006,0.421,0.355,0.000,0.000,0.856,-0.252,0.000
505507804.000,255.000,0.000,0.000,0.000,0.000,0.000,0.000,0.000,0.000,0.000,0.000,0.000,0.000,0.000,0.000,0.000,0.339,0.508,0.000,0.000,-0.508,0.033,0.443,0.311,0.000,0.000,0.857,-0.252,0.000
505507834.000,255.000,0.000,0.000,0.000,0.000,0.000,0.000,0.000,0.000,0.000,0.000,0.000,0.000,0.000,0.000,0.000,0.317,0.486,0.000,0.000,-0.467,0.034,0.443,0.310,0.000,0.000,0.868,-0.252,0.000
505507864.000,255.000,0.000,0.000,0.000,0.000,0.000,0.000,0.000,0.000,0.000,0.000,0.000,0.000,0.000,0.000,0.000,0.358,0.530,0.000,0.000,-0.484,0.016,0.402,0.344,0.000,0.000,0.836,-0.252,0.000
505507894.000,255.000,0.000,0.000,0.000,0.000,0.000,0.000,0.000,0.000,0.000,0.000,0.000,0.000,0.000,0.000,0.000,0.376,0.532,0.000,0.000,-0.465,0.009,0.413,0.312,0.000,0.000,0.851,-0.252,0.000
505507924.000,255.000,0.000,0.000,0.000,0.000,0.000,0.000,0.000,0.000,0.000,0.000,0.000,0.000,0.000,0.000,0.000,0.357,0.491,0.000,0.000,-0.509,-0.018,0.433,0.309,0.000,0.000,0.865,-0.252,0.000
505507954.000,255.000,0.000,0.000,0.000,0.000,0.000,0.000,0.000,0.000,0.000,0.000,0.000,0.000,0.000,0.000,0.000,0.338,0.494,0.000,0.000,-0.543,-0.007,0.431,0.330,0.000,0.000,0.866,-0.252,0.000
505507984.000,255.000,0.000,0.000,0.000,0.000,0.000,0.000,0.000,0.000,0.000,0.000,0.000,0.000,0.000,0.000,0.000,0.338,0.513,0.000,0.000,-0.531,0.011,0.416,0.354,0.000,0.000,0.839,-0.252,0.000
505508014.000,255.000,0.000,0.000,0.000,0.000,0.000,0.000,0.000,0.000,0.000,0.000,0.000,0.000,0.000,0.000,0.000,0.355,0.531,0.000,0.000,-0.524,0.026,0.429,0.328,0.000,0.000,0.845,-0.252,0.000
505508044.000,255.000,0.000,0.000,0.000,0.000,0.000,0.000,0.000,0.000,0.000,0.000,0.000,0.000,0.000,0.000,0.000,0.352,0.491,0.000,0.000,-0.482,0.015,0.454,0.310,0.000,0.000,0.871,-0.252,0.000
505508074.000,255.000,0.000,0.000,0.000,0.000,0.000,0.000,0.000,0.000,0.000,0.000,0.000,0.000,0.000,0.000,0.000,0.361,0.518,0.000,0.000,-0.470,-0.009,0.454,0.306,0.000,0.000,0.869,-0.252,0.000
505508104.000,255.000,0.000,0.000,0.000,0.000,0.000,0.000,0.000,0.000,0.000,0.000,0.000,0.000,0.000,0.000,0.000,0.375,0.508,0.000,0.000,-0.488,0.025,0.426,0.317,0.000,0.000,0.853,-0.252,0.000
505508134.000,255.000,0.000,0.000,0.000,0.000,0.000,0.000,0.000,0.000,0.000,0.000,0.000,0.000,0.000,0.000,0.000,0.365,0.479,0.000,0.000,-0.493,0.024,0.440,0.321,0.000,0.000,0.844,-0.252,0.000
505508164.000,255.000,0.000,0.000,0.000,0.000,0.000,0.000,0.000,0.000,0.000,0.000,0.000,0.000,0.000,0.000,0.000,0.360,0.519,0.000,0.000,-0.496,0.009,0.442,0.304,0.000,0.000,0.835,-0.252,0.000
505508194.000,255.000,0.000,0.000,0.000,0.000,0.000,0.000,0.000,0.000,0.000,0.000,0.000,0.000,0.000,0.000,0.000,0.346,0.517,0.000,0.000,-0.498,0.009,0.427,0.332,0.000,0.000,0.855,-0.252,0.000
505508224.000,255.000,0.000,0.000,0.000,0.000,0.000,0.000,0.000,0.000,0.000,0.000,0.000,0.000,0.000,0.000,0.000,0.330,0.508,0.000,0.000,-0.475,0.032,0.407,0.338,0.000,0.000,0.846,-0.252,0.000
505508254.000,255.000,0.000,0.000,0.000,0.000,0.000,0.000,0.000,0.000,0.000,0.000,0.000,0.000,0.000,0.000,0.000,0.318,0.510,0.000,0.000,-0.506,0.008,0.410,0.366,0.000,0.000,0.849,-0.252,0.000
505508284.000,255.000,0.000,0.000,0.000,0.000,0.000,0.000,0.000,0.000,0.000,0.000,0.000,0.000,0.000,0.000,0.000,0.383,0.527,0.000,0.000,-0.515,0.009,0.430,0.349,0.000,0.000,0.844,-0.252,0.000
505508314.000,255.000,0.000,0.000,0.000,0.000,0.000,0.000,0.000,0.000,0.000,0.000,0.000,0.000,0.000,0.000,0.000,0.404,0.537,0.000,0.000,-0.507,0.002,0.450,0.330,0.000,0.000,0.865,-0.252,0.000
505508344.000,255.000,0.000,0.000,0.000,0.000,0.000,0.000,0.000,0.000,0.000,0.000,0.000,0.000,0.000,0.000,0.000,0.380,0.520,0.000,0.000,-0.478,-0.001,0.452,0.316,0.000,0.000,0.858,-0.252,0.000
505508374.000,255.000,0.000,0.000,0.000,0.000,0.000,0.000,0.000,0.000,0.000,0.000,0.000,0.000,0.000,0.000,0.000,0.342,0.523,0.000,0.000,-0.495,0.005,0.420,0.350,0.000,0.000,0.846,-0.252,0.000
505508404.000,255.000,0.000,0.000,0.000,0.000,0.000,0.000,0.000,0.000,0.000,0.000,0.000,0.000,0.000,0.000,0.000,0.310,0.516,0.000,0.000,-0.504,-0.020,0.434,0.337,0.000,0.000,0.859,-0.252,0.000
505508434.000,255.000,0.000,0.000,0.000,0.000,0.000,0.000,0.000,0.000,0.000,0.000,0.000,0.000,0.000,0.000,0.000,0.310,0.538,0.000,0.000,-0.512,0.028,0.409,0.356,0.000,0.000,0.838,-0.252,0.000
505508464.000,255.000,0.000,0.000,0.000,0.000,0.000,0.000,0.000,0.000,0.000,0.000,0.000,0.000,0.000,0.000,0.000,0.385,0.515,0.000,0.000,-0.482,-0.019,0.435,0.316,0.000,0.000,0.829,-0.252,0.000
505508494.000,255.000,0.000,0.000,0.000,0.000,0.000,0.000,0.000,0.000,0.000,0.000,0.000,0.000,0.000,0.000,0.000,0.379,0.503,0.000,0.000,-0.493,-0.011,0.431,0.319,0.000,0.000,0.860,-0.252,0.000
505508524.000,255.000,0.000,0.000,0.000,0.000,0.000,0.000,0.000,0.000,0.000,0.000,0.000,0.000,0.000,0.000,0.000,0.311,0.470,0.000,0.000,-0.483,-0.005,0.420,0.313,0.000,0.000,0.853,-0.252,0.000
505508554.000,255.000,0.000,0.000,0.000,0.000,0.000,0.000,0.000,0.000,0.000,0.000,0.000,0.000,0.000,0.000,0.000,0.317,0.495,0.000,0.000,-0.492,-0.040,0.430,0.312,0.000,0.000,0.834,-0.252,0.000
505508584.000,255.000,0.000,0.000,0.000,0.000,0.000,0.000,0.000,0.000,0.000,0.000,0.000,0.000,0.000,0.000,0.000,0.349,0.565,0.000,0.000,-0.493,-0.027,0.422,0.313,0.000,0.000,0.833,-0.252,0.000
505508614.000,255.000,0.000,0.000,0.000,0.000,0.000,0.000,0.000,0.000,0.000,0.000,0.000,0.000,0.000,0.000,0.000,0.344,0.549,0.000,0.000,-0.515,0.008,0.431,0.328,0.000,0.000,0.851,-0.252,0.000
505508644.000,255.000,0.000,0.000,0.000,0.000,0.000,0.000,0.000,0.000,0.000,0.000,0.000,0.000,0.000,0.000,0.000,0.371,0.514,0.000,0.000,-0.467,-0.029,0.442,0.330,0.000,0.000,0.844,-0.252,0.000
505508674.000,255.000,0.000,0.000,0.000,0.000,0.000,0.000,0.000,0.000,0.000,0.000,0.000,0.000,0.000,0.000,0.000,0.342,0.510,0.000,0.000,-0.471,-0.029,0.432,0.335,0.000,0.000,0.871,-0.252,0.000
505508704.000,255.000,0.000,0.000,0.000,0.000,0.000,0.000,0.000,0.000,0.000,0.000,0.000,0.000,0.000,0.000,0.000,0.314,0.533,0.000,0.000,-0.539,-0.026,0.433,0.361,0.000,0.000,0.871,-0.252,0.000
505508734.000,255.000,0.000,0.000,0.000,0.000,0.000,0.000,0.000,0.000,0.000,0.000,0.000,0.000,0.000,0.000,0.000,0.328,0.548,0.000,0.000,-0.513,0.011,0.430,0.345,0.000,0.000,0.861,-0.252,0.000
505508764.000,255.000,0.000,0.000,0.000,0.000,0.000,0.000,0.000,0.000,0.000,0.000,0.000,0.000,0.000,0.000,0.000,0.378,0.522,0.000,0.000,-0.461,-0.011,0.420,0.335,0.000,0.000,0.842,-0.252,0.000
505508794.000,255.000,0.000,0.000,0.000,0.000,0.000,0.000,0.000,0.000,0.000,0.000,0.000,0.000,0.000,0.000,0.000,0.366,0.530,0.000,0.000,-0.492,0.011,0.431,0.335,0.000,0.000,0.848,-0.252,0.000
505508824.000,255.000,0.000,0.000,0.000,0.000,0.000,0.000,0.000,0.000,0.000,0.000,0.000,0.000,0.000,0.000,0.000,0.304,0.529,0.000,0.000,-0.514,0.025,0.408,0.325,0.000,0.000,0.867,-0.252,0.000
505508854.000,255.000,0.000,0.000,0.000,0.000,0.000,0.000,0.000,0.000,0.000,0.000,0.000,0.000,0.000,0.000,0.000,0.311,0.522,0.000,0.000,-0.492,0.005,0.409,0.316,0.000,0.000,0.858,-0.252,0.000
505508884.000,255.000,0.000,0.000,0.000,0.000,0.000,0.000,0.000,0.000,0.000,0.000,0.000,0.000,0.000,0.000,0.000,0.328,0.482,0.000,0.000,-0.503,0.042,0.422,0.327,0.000,0.000,0.859,-0.252,0.000
505508914.000,255.000,0.000,0.000,0.000,0.000,0.000,0.000,0.000,0.000,0.000,0.000,0.000,0.000,0.000,0.000,0.000,0.338,0.502,0.000,0.000,-0.500,0.036,0.416,0.324,0.000,0.000,0.871,-0.252,0.000
505508944.000,255.000,0.000,0.000,0.000,0.000,0.000,0.000,0.000,0.000,0.000,0.000,0.000,0.000,0.000,0.000,0.000,0.341,0.504,0.000,0.000,-0.503,-0.002,0.428,0.339,0.000,0.000,0.866,-0.252,0.000
505508974.000,255.000,0.000,0.000,0.000,0.000,0.000,0.000,0.000,0.000,0.000,0.000,0.000,0.000,0.000,0.000,0.000,0.331,0.516,0.000,0.000,-0.519,-0.006,0.436,0.341,0.000,0.000,0.862,-0.252,0.000
505509004.000,255.000,0.000,0.000,0.000,0.000,0.000,0.000,0.000,0.000,0.000,0.000,0.000,0.000,0.000,0.000,0.000,0.324,0.535,0.000,0.000,-0.498,0.019,0.429,0.343,0.000,0.000,0.848,-0.252,0.000
505509034.000,255.000,0.000,0.000,0.000,0.000,0.000,0.000,0.000,0.000,0.000,0.000,0.000,0.000,0.000,0.000,0.000,0.319,0.516,0.000,0.000,-0.471,-0.016,0.446,0.330,0.000,0.000,0.853,-0.252,0.000
505509064.000,255.000,0.000,0.000,0.000,0.000,0.000,0.000,0.000,0.000,0.000,0.000,0.000,0.000,0.000,0.000,0.000,0.327,0.511,0.000,0.000,-0.487,-0.006,0.438,0.351,0.000,0.000,0.871,-0.252,0.000
505509094.000,255.000,0.000,0.000,0.000,0.000,0.000,0.000,0.000,0.000,0.000,0.000,0.000,0.000,0.000,0.000,0.000,0.338,0.521,0.000,0.000,-0.511,0.007,0.450,0.342,0.000,0.000,0.880,-0.252,0.000
505509124.000,255.000,0.000,0.000,0.000,0.000,0.000,0.000,0.000,0.000,0.000,0.000,0.000,0.000,0.000,0.000,0.000,0.323,0.546,0.000,0.000,-0.510,-0.006,0.421,0.326,0.000,0.000,0.849,-0.252,0.000
505509154.000,255.000,0.000,0.000,0.000,0.000,0.000,0.000,0.000,0.000,0.000,0.000,0.000,0.000,0.000,0.000,0.000,0.332,0.541,0.000,0.000,-0.489,-0.009,0.440,0.317,0.000,0.000,0.836,-0.252,0.000
505509184.000,255.000,0.000,0.000,0.000,0.000,0.000,0.000,0.000,0.000,0.000,0.000,0.000,0.000,0.000,0.000,0.000,0.333,0.521,0.000,0.000,-0.466,-0.036,0.467,0.306,0.000,0.000,0.862,-0.252,0.000
505509214.000,255.000,0.000,0.000,0.000,0.000,0.000,0.000,0.000,0.000,0.000,0.000,0.000,0.000,0.000,0.000,0.000,0.343,0.515,0.000,0.000,-0.491,-0.020,0.459,0.311,0.000,0.000,0.876,-0.252,0.000
505509244.000,255.000,0.000,0.000,0.000,0.000,0.000,0.000,0.000,0.000,0.000,0.000,0.000,0.000,0.000,0.000,0.000,0.324,0.542,0.000,0.000,-0.518,-0.002,0.413,0.350,0.000,0.000,0.853,-0.252,0.000
505509274.000,255.000,0.000,0.000,0.000,0.000,0.000,0.000,0.000,0.000,0.000,0.000,0.000,0.000,0.000,0.000,0.000,0.345,0.515,0.000,0.000,-0.555,0.020,0.438,0.336,0.000,0.000,0.865,-0.252,0.000
505509304.000,255.000,0.000,0.000,0.000,0.000,0.000,0.000,0.000,0.000,0.000,0.000,0.000,0.000,0.000,0.000,0.000,0.323,0.495,0.000,0.000,-0.523,0.036,0.435,0.316,0.000,0.000,0.875,-0.252,0.000
505509334.000,255.000,0.000,0.000,0.000,0.000,0.000,0.000,0.000,0.000,0.000,0.000,0.000,0.000,0.000,0.000,0.000,0.325,0.495,0.000,0.000,-0.477,0.022,0.431,0.295,0.000,0.000,0.868,-0.252,0.000
505509364.000,255.000,0.000,0.000,0.000,0.000,0.000,0.000,0.000,0.000,0.000,0.000,0.000,0.000,0.000,0.000,0.000,0.370,0.517,0.000,0.000,-0.505,0.018,0.425,0.329,0.000,0.000,0.825,-0.252,0.000
505509394.000,255.000,0.000,0.000,0.000,0.000,0.000,0.000,0.000,0.000,0.000,0.000,0.000,0.000,0.000,0.000,0.000,0.346,0.498,0.000,0.000,-0.496,0.020,0.435,0.321,0.000,0.000,0.843,-0.252,0.000
505509424.000,255.000,0.000,0.000,0.000,0.000,0.000,0.000,0.000,0.000,0.000,0.000,0.000,0.000,0.000,0.000,0.000,0.325,0.501,0.000,0.000,-0.478,-0.027,0.419,0.331,0.000,0.000,0.846,-0.252,0.000
505509454.000,255.000,0.000,0.000,0.000,0.000,0.000,0.000,0.000,0.000,0.000,0.000,0.000,0.000,0.000,0.000,0.000,0.363,0.517,0.000,0.000,-0.497,-0.033,0.432,0.343,0.000,0.000,0.860,-0.252,0.000
505509484.000,255.000,0.000,0.000,0.000,0.000,0.000,0.000,0.000,0.000,0.000,0.000,0.000,0.000,0.000,0.000,0.000,0.360,0.500,0.000,0.000,-0.484,-0.018,0.461,0.343,0.000,0.000,0.855,-0.252,0.000
505509514.000,255.000,0.000,0.000,0.000,0.000,0.000,0.000,0.000,0.000,0.000,0.000,0.000,0.000,0.000,0.000,0.000,0.330,0.515,0.000,0.000,-0.472,-0.014,0.451,0.306,0.000,0.000,0.853,-0.252,0.000
505509544.000,255.000,0.000,0.000,0.000,0.000,0.000,0.000,0.000,0.000,0.000,0.000,0.000,0.000,0.000,0.000,0.000,0.351,0.532,0.000,0.000,-0.513,-0.003,0.424,0.327,0.000,0.000,0.837,-0.252,0.000
505509574.000,255.000,0.000,0.000,0.000,0.000,0.000,0.000,0.000,0.000,0.000,0.000,0.000,0.000,0.000,0.000,0.000,0.357,0.551,0.000,0.000,-0.498,0.019,0.437,0.337,0.000,0.000,0.815,-0.252,0.000
505509604.000,255.000,0.000,0.000,0.000,0.000,0.000,0.000,0.000,0.000,0.000,0.000,0.000,0.000,0.000,0.000,0.000,0.359,0.536,0.000,0.000,-0.450,-0.018,0.434,0.335,0.000,0.000,0.843,-0.252,0.000
505509634.000,255.000,0.000,0.000,0.000,0.000,0.000,0.000,0.000,0.000,0.000,0.000,0.000,0.000,0.000,0.000,0.000,0.337,0.512,0.000,0.000,-0.472,-0.019,0.422,0.339,0.000,0.000,0.854,-0.252,0.000
505509664.000,255.000,0.000,0.000,0.000,0.000,0.000,0.000,0.000,0.000,0.000,0.000,0.000,0.000,0.000,0.000,0.000,0.371,0.531,0.000,0.000,-0.527,0.004,0.443,0.319,0.000,0.000,0.839,-0.252,0.000
505509694.000,255.000,0.000,0.000,0.000,0.000,0.000,0.000,0.000,0.000,0.000,0.000,0.000,0.000,0.000,0.000,0.000,0.377,0.509,0.000,0.000,-0.488,-0.001,0.449,0.307,0.000,0.000,0.856,-0.252,0.000
505509724.000,255.000,0.000,0.000,0.000,0.000,0.000,0.000,0.000,0.000,0.000,0.000,0.000,0.000,0.000,0.000,0.000,0.368,0.533,0.000,0.000,-0.514,0.040,0.411,0.342,0.000,0.000,0.837,-0.252,0.000
505509754.000,255.000,0.000,0.000,0.000,0.000,0.000,0.000,0.000,0.000,0.000,0.000,0.000,0.000,0.000,0.000,0.000,0.365,0.518,0.000,0.000,-0.494,0.022,0.428,0.330,0.000,0.000,0.829,-0.252,0.000
505509784.000,255.000,0.000,0.000,0.000,0.000,0.000,0.000,0.000,0.000,0.000,0.000,0.000,0.000,0.000,0.000,0.000,0.355,0.499,0.000,0.000,-0.494,-0.028,0.420,0.319,0.000,0.000,0.840,-0.252,0.000
505509814.000,255.000,0.000,0.000,0.000,0.000,0.000,0.000,0.000,0.000,0.000,0.000,0.000,0.000,0.000,0.000,0.000,0.381,0.517,0.000,0.000,-0.492,-0.062,0.427,0.339,0.000,0.000,0.839,-0.252,0.000
505509844.000,255.000,0.000,0.000,0.000,0.000,0.000,0.000,0.000,0.000,0.000,0.000,0.000,0.000,0.000,0.000,0.000,0.325,0.512,0.000,0.000,-0.525,0.016,0.424,0.333,0.000,0.000,0.868,-0.252,0.000
505509874.000,255.000,0.000,0.000,0.000,0.000,0.000,0.000,0.000,0.000,0.000,0.000,0.000,0.000,0.000,0.000,0.000,0.335,0.515,0.000,0.000,-0.512,-0.000,0.426,0.316,0.000,0.000,0.857,-0.252,0.000
505509904.000,255.000,0.000,0.000,0.000,0.000,0.000,0.000,0.000,0.000,0.000,0.000,0.000,0.000,0.000,0.000,0.000,0.347,0.521,0.000,0.000,-0.466,-0.010,0.450,0.329,0.000,0.000,0.880,-0.252,0.000
505509934.000,255.000,0.000,0.000,0.000,0.000,0.000,0.000,0.000,0.000,0.000,0.000,0.000,0.000,0.000,0.000,0.000,0.335,0.514,0.000,0.000,-0.492,0.019,0.418,0.338,0.000,0.000,0.884,-0.252,0.000
505509964.000,255.000,0.000,0.000,0.000,0.000,0.000,0.000,0.000,0.000,0.000,0.000,0.000,0.000,0.000,0.000,0.000,0.330,0.517,0.000,0.000,-0.472,-0.027,0.421,0.331,0.000,0.000,0.852,-0.252,0.000
505509994.000,255.000,0.000,0.000,0.000,0.000,0.000,0.000,0.000,0.000,0.000,0.000,0.000,0.000,0.000,0.000,0.000,0.320,0.519,0.000,0.000,-0.490,-0.009,0.430,0.334,0.000,0.000,0.864,-0.252,0.000
505510024.000,255.000,0.000,0.000,0.000,0.000,0.000,0.000,0.000,0.000,0.000,0.000,0.000,0.000,0.000,0.000,0.000,0.313,0.519,0.000,0.000,-0.534,0.004,0.426,0.327,0.000,0.000,0.854,-0.252,0.000
505510054.000,255.000,0.000,0.000,0.000,0.000,0.000,0.000,0.000,0.000,0.000,0.000,0.000,0.000,0.000,0.000,0.000,0.342,0.489,0.000,0.000,-0.494,-0.027,0.437,0.333,0.000,0.000,0.840,-0.252,0.000
505510084.000,255.000,0.000,0.000,0.000,0.000,0.000,0.000,0.000,0.000,0.000,0.000,0.000,0.000,0.000,0.000,0.000,0.330,0.505,0.000,0.000,-0.494,-0.030,0.439,0.341,0.000,0.000,0.846,-0.252,0.000
505510114.000,255.000,0.000,0.000,0.000,0.000,0.000,0.000,0.000,0.000,0.000,0.000,0.000,0.000,0.000,0.000,0.000,0.323,0.527,0.000,0.000,-0.509,0.006,0.410,0.357,0.000,0.000,0.868,-0.252,0.000
505510144.000,255.000,0.000,0.000,0.000,0.000,0.000,0.000,0.000,0.000,0.000,0.000,0.000,0.000,0.000,0.000,0.000,0.328,0.520,0.000,0.000,-0.513,0.014,0.394,0.359,0.000,0.000,0.859,-0.252,0.000
505510174.000,255.000,0.000,0.000,0.000,0.000,0.000,0.000,0.000,0.000,0.000,0.000,0.000,0.000,0.000,0.000,0.000,0.338,0.505,0.000,0.000,-0.506,0.002,0.415,0.366,0.000,0.000,0.864,-0.252,0.000
505510204.000,255.000,0.000,0.000,0.000,0.000,0.000,0.000,0.000,0.000,0.000,0.000,0.000,0.000,0.000,0.000,0.000,0.354,0.472,0.000,0.000,-0.457,-0.036,0.438,0.330,0.000,0.000,0.857,-0.252,0.000
505510234.000,255.000,0.000,0.000,0.000,0.000,0.000,0.000,0.000,0.000,0.000,0.000,0.000,0.000,0.000,0.000,0.000,0.349,0.507,0.000,0.000,-0.490,-0.025,0.445,0.342,0.000,0.000,0.839,-0.252,0.000
505510264.000,255.000,0.000,0.000,0.000,0.000,0.000,0.000,0.000,0.000,0.000,0.000,0.000,0.000,0.000,0.000,0.000,0.332,0.523,0.000,0.000,-0.511,-0.009,0.434,0.324,0.000,0.000,0.829,-0.252,0.000
505510294.000,255.000,0.000,0.000,0.000,0.000,0.000,0.000,0.000,0.000,0.000,0.000,0.000,0.000,0.000,0.000,0.000,0.354,0.517,0.000,0.000,-0.503,-0.045,0.448,0.333,0.000,0.000,0.836,-0.252,0.000
505510324.000,255.000,0.000,0.000,0.000,0.000,0.000,0.000,0.000,0.000,0.000,0.000,0.000,0.000,0.000,0.000,0.000,0.316,0.537,0.000,0.000,-0.524,0.008,0.430,0.358,0.000,0.000,0.879,-0.252,0.000
505510354.000,255.000,0.000,0.000,0.000,0.000,0.000,0.000,0.000,0.000,0.000,0.000,0.000,0.000,0.000,0.000,0.000,0.311,0.526,0.000,0.000,-0.518,-0.004,0.450,0.343,0.000,0.000,0.863,-0.252,0.000
505510384.000,255.000,0.000,0.000,0.000,0.000,0.000,0.000,0.000,0.000,0.000,0.000,0.000,0.000,0.000,0.000,0.000,0.352,0.518,0.000,0.000,-0.492,0.002,0.451,0.311,0.000,0.000,0.861,-0.252,0.000
505510414.000,255.000,0.000,0.000,0.000,0.000,0.000,0.000,0.000,0.000,0.000,0.000,0.000,0.000,0.000,0.000,0.000,0.328,0.557,0.000,0.000,-0.498,0.004,0.438,0.306,0.000,0.000,0.868,-0.252,0.000
505510444.000,255.000,0.000,0.000,0.000,0.000,0.000,0.000,0.000,0.000,0.000,0.000,0.000,0.000,0.000,0.000,0.000,0.327,0.514,0.000,0.000,-0.466,0.011,0.412,0.330,0.000,0.000,0.884,-0.252,0.000
505510474.000,255.000,0.000,0.000,0.000,0.000,0.000,0.000,0.000,0.000,0.000,0.000,0.000,0.000,0.000,0.000,0.000,0.324,0.503,0.000,0.000,-0.513,0.009,0.413,0.330,0.000,0.000,0.874,-0.252,0.000
505510504.000,255.000,0.000,0.000,0.000,0.000,0.000,0.000,0.000,0.000,0.000,0.000,0.000,0.000,0.000,0.000,0.000,0.307,0.517,0.000,0.000,-0.530,0.014,0.436,0.350,0.000,0.000,0.848,-0.252,0.000
505510534.000,255.000,0.000,0.000,0.000,0.000,0.000,0.000,0.000,0.000,0.000,0.000,0.000,0.000,0.000,0.000,0.000,0.303,0.533,0.000,0.000,-0.542,0.020,0.430,0.354,0.000,0.000,0.843,-0.252,0.000
505510564.000,255.000,0.000,0.000,0.000,0.000,0.000,0.000,0.000,0.000,0.000,0.000,0.000,0.000,0.000,0.000,0.000,0.360,0.526,0.000,0.000,-0.524,0.005,0.437,0.320,0.000,0.000,0.847,-0.252,0.000
505510594.000,255.000,0.000,0.000,0.000,0.000,0.000,0.000,0.000,0.000,0.000,0.000,0.000,0.000,0.000,0.000,0.000,0.387,0.536,0.000,0.000,-0.518,0.004,0.442,0.302,0.000,0.000,0.879,-0.252,0.000
505510624.000,255.000,0.000,0.000,0.000,0.000,0.000,0.000,0.000,0.000,0.000,0.000,0.000,0.000,0.000,0.000,0.000,0.347,0.518,0.000,0.000,-0.507,0.012,0.420,0.327,0.000,0.000,0.860,-0.252,0.000
505510654.000,255.000,0.000,0.000,0.000,0.000,0.000,0.000,0.000,0.000,0.000,0.000,0.000,0.000,0.000,0.000,0.000,0.367,0.510,0.000,0.000,-0.494,-0.011,0.428,0.343,0.000,0.000,0.841,-0.252,0.000
505510684.000,255.000,0.000,0.000,0.000,0.000,0.000,0.000,0.000,0.000,0.000,0.000,0.000,0.000,0.000,0.000,0.000,0.327,0.524,0.000,0.000,-0.511,-0.010,0.425,0.308,0.000,0.000,0.879,-0.252,0.000
505510714.000,255.000,0.000,0.000,0.000,0.000,0.000,0.000,0.000,0.000,0.000,0.000,0.000,0.000,0.000,0.000,0.000,0.346,0.510,0.000,0.000,-0.523,-0.030,0.436,0.309,0.000,0.000,0.862,-0.252,0.000
505510744.000,255.000,0.000,0.000,0.000,0.000,0.000,0.000,0.000,0.000,0.000,0.000,0.000,0.000,0.000,0.000,0.000,0.327,0.520,0.000,0.000,-0.498,-0.006,0.435,0.339,0.000,0.000,0.860,-0.252,0.000
505510764.000,255.000,0.000,0.000,0.000,0.000,0.000,0.000,0.000,0.000,0.000,0.000,0.000,0.000,0.000,0.000,0.000,0.341,0.510,0.000,0.000,-0.496,-0.006,0.425,0.336,0.000,0.000,0.846,-0.252,0.000
505510794.000,255.000,0.000,0.000,0.000,0.000,0.000,0.000,0.000,0.000,0.000,0.000,0.000,0.000,0.000,0.000,0.000,0.335,0.528,0.000,0.000,-0.482,0.025,0.418,0.283,0.000,0.000,0.869,-0.252,0.000
505510824.000,255.000,0.000,0.000,0.000,0.000,0.000,0.000,0.000,0.000,0.000,0.000,0.000,0.000,0.000,0.000,0.000,0.333,0.528,0.000,0.000,-0.495,0.008,0.435,0.322,0.000,0.000,0.847,-0.252,0.000
505510854.000,255.000,0.000,0.000,0.000,0.000,0.000,0.000,0.000,0.000,0.000,0.000,0.000,0.000,0.000,0.000,0.000,0.330,0.503,0.000,0.000,-0.504,-0.007,0.460,0.336,0.000,0.000,0.838,-0.252,0.000
505510884.000,255.000,0.000,0.000,0.000,0.000,0.000,0.000,0.000,0.000,0.000,0.000,0.000,0.000,0.000,0.000,0.000,0.320,0.563,0.000,0.000,-0.516,0.036,0.440,0.337,0.000,0.000,0.822,-0.252,0.000
505510914.000,255.000,0.000,0.000,0.000,0.000,0.000,0.000,0.000,0.000,0.000,0.000,0.000,0.000,0.000,0.000,0.000,0.351,0.555,0.000,0.000,-0.501,0.016,0.419,0.323,0.000,0.000,0.826,-0.252,0.000
505510944.000,255.000,0.000,0.000,0.000,0.000,0.000,0.000,0.000,0.000,0.000,0.000,0.000,0.000,0.000,0.000,0.000,0.352,0.520,0.000,0.000,-0.453,-0.002,0.402,0.343,0.000,0.000,0.865,-0.252,0.000
505510974.000,255.000,0.000,0.000,0.000,0.000,0.000,0.000,0.000,0.000,0.000,0.000,0.000,0.000,0.000,0.000,0.000,0.300,0.533,0.000,0.000,-0.486,0.012,0.424,0.355,0.000,0.000,0.871,-0.252,0.000
505511004.000,255.000,0.000,0.000,0.000,0.000,0.000,0.000,0.000,0.000,0.000,0.000,0.000,0.000,0.000,0.000,0.000,0.308,0.536,0.000,0.000,-0.530,-0.009,0.441,0.332,0.000,0.000,0.850,-0.252,0.000
505511034.000,255.000,0.000,0.000,0.000,0.000,0.000,0.000,0.000,0.000,0.000,0.000,0.000,0.000,0.000,0.000,0.000,0.341,0.544,0.000,0.000,-0.508,-0.012,0.427,0.311,0.000,0.000,0.854,-0.252,0.000
505511064.000,255.000,0.000,0.000,0.000,0.000,0.000,0.000,0.000,0.000,0.000,0.000,0.000,0.000,0.000,0.000,0.000,0.383,0.477,0.000,0.000,-0.504,-0.008,0.430,0.331,0.000,0.000,0.876,-0.252,0.000
505511094.000,255.000,0.000,0.000,0.000,0.000,0.000,0.000,0.000,0.000,0.000,0.000,0.000,0.000,0.000,0.000,0.000,0.342,0.477,0.000,0.000,-0.510,-0.019,0.428,0.328,0.000,0.000,0.868,-0.252,0.000
505511124.000,255.000,0.000,0.000,0.000,0.000,0.000,0.000,0.000,0.000,0.000,0.000,0.000,0.000,0.000,0.000,0.000,0.318,0.531,0.000,0.000,-0.522,0.022,0.422,0.325,0.000,0.000,0.863,-0.252,0.000
505511154.000,255.000,0.000,0.000,0.000,0.000,0.000,0.000,0.000,0.000,0.000,0.000,0.000,0.000,0.000,0.000,0.000,0.346,0.527,0.000,0.000,-0.478,0.010,0.432,0.332,0.000,0.000,0.839,-0.252,0.000
505511184.000,255.000,0.000,0.000,0.000,0.000,0.000,0.000,0.000,0.000,0.000,0.000,0.000,0.000,0.000,0.000,0.000,0.336,0.519,0.000,0.000,-0.501,-0.013,0.413,0.328,0.000,0.000,0.837,-0.252,0.000
505511214.000,255.000,0.000,0.000,0.000,0.000,0.000,0.000,0.000,0.000,0.000,0.000,0.000,0.000,0.000,0.000,0.000,0.360,0.500,0.000,0.000,-0.480,-0.051,0.404,0.361,0.000,0.000,0.834,-0.252,0.000
505511244.000,255.000,0.000,0.000,0.000,0.000,0.000,0.000,0.000,0.000,0.000,0.000,0.000,0.000,0.000,0.000,0.000,0.367,0.480,0.000,0.000,-0.446,-0.037,0.415,0.325,0.000,0.000,0.849,-0.252,0.000
505511274.000,255.000,0.000,0.000,0.000,0.000,0.000,0.000,0.000,0.000,0.000,0.000,0.000,0.000,0.000,0.000,0.000,0.319,0.496,0.000,0.000,-0.508,-0.027,0.423,0.356,0.000,0.000,0.837,-0.252,0.000
505511304.000,255.000,0.000,0.000,0.000,0.000,0.000,0.000,0.000,0.000,0.000,0.000,0.000,0.000,0.000,0.000,0.000,0.312,0.523,0.000,0.000,-0.513,0.008,0.427,0.324,0.000,0.000,0.844,-0.252,0.000
505511334.000,255.000,0.000,0.000,0.000,0.000,0.000,0.000,0.000,0.000,0.000,0.000,0.000,0.000,0.000,0.000,0.000,0.339,0.506,0.000,0.000,-0.487,0.024,0.430,0.339,0.000,0.000,0.861,-0.252,0.000
505511364.000,255.000,0.000,0.000,0.000,0.000,0.000,0.000,0.000,0.000,0.000,0.000,0.000,0.000,0.000,0.000,0.000,0.355,0.540,0.000,0.000,-0.498,0.004,0.408,0.343,0.000,0.000,0.879,-0.252,0.000
505511394.000,255.000,0.000,0.000,0.000,0.000,0.000,0.000,0.000,0.000,0.000,0.000,0.000,0.000,0.000,0.000,0.000,0.320,0.562,0.000,0.000,-0.528,0.046,0.423,0.334,0.000,0.000,0.873,-0.252,0.000
505511424.000,255.000,0.000,0.000,0.000,0.000,0.000,0.000,0.000,0.000,0.000,0.000,0.000,0.000,0.000,0.000,0.000,0.323,0.537,0.000,0.000,-0.473,0.011,0.415,0.330,0.000,0.000,0.843,-0.252,0.000
505511454.000,255.000,0.000,0.000,0.000,0.000,0.000,0.000,0.000,0.000,0.000,0.000,0.000,0.000,0.000,0.000,0.000,0.311,0.553,0.000,0.000,-0.492,0.009,0.427,0.358,0.000,0.000,0.826,-0.252,0.000
505511484.000,255.000,0.000,0.000,0.000,0.000,0.000,0.000,0.000,0.000,0.000,0.000,0.000,0.000,0.000,0.000,0.000,0.355,0.499,0.000,0.000,-0.460,-0.010,0.414,0.348,0.000,0.000,0.844,-0.252,0.000
505511514.000,255.000,0.000,0.000,0.000,0.000,0.000,0.000,0.000,0.000,0.000,0.000,0.000,0.000,0.000,0.000,0.000,0.353,0.515,0.000,0.000,-0.452,-0.008,0.402,0.325,0.000,0.000,0.848,-0.252,0.000
505511544.000,255.000,0.000,0.000,0.000,0.000,0.000,0.000,0.000,0.000,0.000,0.000,0.000,0.000,0.000,0.000,0.000,0.327,0.524,0.000,0.000,-0.510,0.009,0.447,0.369,0.000,0.000,0.853,-0.252,0.000
505511564.000,255.000,0.000,0.000,0.000,0.000,0.000,0.000,0.000,0.000,0.000,0.000,0.000,0.000,0.000,0.000,0.000,0.321,0.522,0.000,0.000,-0.502,0.027,0.451,0.361,0.000,0.000,0.875,-0.252,0.000
505511594.000,255.000,0.000,0.000,0.000,0.000,0.000,0.000,0.000,0.000,0.000,0.000,0.000,0.000,0.000,0.000,0.000,0.332,0.536,0.000,0.000,-0.505,0.042,0.437,0.326,0.000,0.000,0.895,-0.252,0.000
505511624.000,255.000,0.000,0.000,0.000,0.000,0.000,0.000,0.000,0.000,0.000,0.000,0.000,0.000,0.000,0.000,0.000,0.302,0.528,0.000,0.000,-0.485,-0.027,0.422,0.312,0.000,0.000,0.874,-0.252,0.000
505511654.000,255.000,0.000,0.000,0.000,0.000,0.000,0.000,0.000,0.000,0.000,0.000,0.000,0.000,0.000,0.000,0.000,0.341,0.513,0.000,0.000,-0.460,-0.005,0.409,0.328,0.000,0.000,0.862,-0.252,0.000
505511684.000,255.000,0.000,0.000,0.000,0.000,0.000,0.000,0.000,0.000,0.000,0.000,0.000,0.000,0.000,0.000,0.000,0.324,0.525,0.000,0.000,-0.492,0.012,0.426,0.337,0.000,0.000,0.877,-0.252,0.000
505511714.000,255.000,0.000,0.000,0.000,0.000,0.000,0.000,0.000,0.000,0.000,0.000,0.000,0.000,0.000,0.000,0.000,0.355,0.524,0.000,0.000,-0.463,0.011,0.417,0.316,0.000,0.000,0.847,-0.252,0.000
505511744.000,255.000,0.000,0.000,0.000,0.000,0.000,0.000,0.000,0.000,0.000,0.000,0.000,0.000,0.000,0.000,0.000,0.334,0.500,0.000,0.000,-0.471,-0.018,0.433,0.338,0.000,0.000,0.836,-0.252,0.000
505511774.000,255.000,0.000,0.000,0.000,0.000,0.000,0.000,0.000,0.000,0.000,0.000,0.000,0.000,0.000,0.000,0.000,0.333,0.500,0.000,0.000,-0.486,-0.024,0.408,0.348,0.000,0.000,0.821,-0.252,0.000
505511804.000,255.000,0.000,0.000,0.000,0.000,0.000,0.000,0.000,0.000,0.000,0.000,0.000,0.000,0.000,0.000,0.000,0.312,0.547,0.000,0.000,-0.494,-0.006,0.413,0.329,0.000,0.000,0.876,-0.252,0.000
505511834.000,255.000,0.000,0.000,0.000,0.000,0.000,0.000,0.000,0.000,0.000,0.000,0.000,0.000,0.000,0.000,0.000,0.314,0.530,0.000,0.000,-0.484,-0.016,0.421,0.352,0.000,0.000,0.882,-0.252,0.000
505511864.000,255.000,0.000,0.000,0.000,0.000,0.000,0.000,0.000,0.000,0.000,0.000,0.000,0.000,0.000,0.000,0.000,0.318,0.542,0.000,0.000,-0.484,-0.025,0.433,0.332,0.000,0.000,0.860,-0.252,0.000
505511894.000,255.000,0.000,0.000,0.000,0.000,0.000,0.000,0.000,0.000,0.000,0.000,0.000,0.000,0.000,0.000,0.000,0.351,0.535,0.000,0.000,-0.489,-0.008,0.446,0.326,0.000,0.000,0.849,-0.252,0.000
505511924.000,255.000,0.000,0.000,0.000,0.000,0.000,0.000,0.000,0.000,0.000,0.000,0.000,0.000,0.000,0.000,0.000,0.353,0.497,0.000,0.000,-0.492,0.018,0.412,0.356,0.000,0.000,0.840,-0.252,0.000
505511954.000,255.000,0.000,0.000,0.000,0.000,0.000,0.000,0.000,0.000,0.000,0.000,0.000,0.000,0.000,0.000,0.000,0.341,0.519,0.000,0.000,-0.535,0.003,0.430,0.379,0.000,0.000,0.847,-0.252,0.000
505511984.000,255.000,0.000,0.000,0.000,0.000,0.000,0.000,0.000,0.000,0.000,0.000,0.000,0.000,0.000,0.000,0.000,0.339,0.527,0.000,0.000,-0.470,-0.010,0.429,0.378,0.000,0.000,0.852,-0.252,0.000
505512014.000,255.000,0.000,0.000,0.000,0.000,0.000,0.000,0.000,0.000,0.000,0.000,0.000,0.000,0.000,0.000,0.000,0.342,0.530,0.000,0.000,-0.469,0.007,0.427,0.352,0.000,0.000,0.866,-0.252,0.000
505512044.000,255.000,0.000,0.000,0.000,0.000,0.000,0.000,0.000,0.000,0.000,0.000,0.000,0.000,0.000,0.000,0.000,0.334,0.518,0.000,0.000,-0.486,0.035,0.430,0.352,0.000,0.000,0.866,-0.252,0.000
505512074.000,255.000,0.000,0.000,0.000,0.000,0.000,0.000,0.000,0.000,0.000,0.000,0.000,0.000,0.000,0.000,0.000,0.349,0.508,0.000,0.000,-0.504,-0.007,0.429,0.312,0.000,0.000,0.855,-0.252,0.000
505512104.000,255.000,0.000,0.000,0.000,0.000,0.000,0.000,0.000,0.000,0.000,0.000,0.000,0.000,0.000,0.000,0.000,0.350,0.493,0.000,0.000,-0.469,0.008,0.420,0.290,0.000,0.000,0.861,-0.252,0.000
505512134.000,255.000,0.000,0.000,0.000,0.000,0.000,0.000,0.000,0.000,0.000,0.000,0.000,0.000,0.000,0.000,0.000,0.340,0.509,0.000,0.000,-0.516,-0.029,0.428,0.318,0.000,0.000,0.861,-0.252,0.000
505512164.000,255.000,0.000,0.000,0.000,0.000,0.000,0.000,0.000,0.000,0.000,0.000,0.000,0.000,0.000,0.000,0.000,0.349,0.496,0.000,0.000,-0.505,0.003,0.448,0.330,0.000,0.000,0.880,-0.252,0.000
505512194.000,255.000,0.000,0.000,0.000,0.000,0.000,0.000,0.000,0.000,0.000,0.000,0.000,0.000,0.000,0.000,0.000,0.327,0.503,0.000,0.000,-0.493,0.003,0.442,0.346,0.000,0.000,0.874,-0.252,0.000
505512224.000,255.000,0.000,0.000,0.000,0.000,0.000,0.000,0.000,0.000,0.000,0.000,0.000,0.000,0.000,0.000,0.000,0.367,0.473,0.000,0.000,-0.507,-0.013,0.428,0.357,0.000,0.000,0.873,-0.252,0.000
505512254.000,255.000,0.000,0.000,0.000,0.000,0.000,0.000,0.000,0.000,0.000,0.000,0.000,0.000,0.000,0.000,0.000,0.343,0.493,0.000,0.000,-0.502,-0.018,0.439,0.342,0.000,0.000,0.869,-0.252,0.000
505512284.000,255.000,0.000,0.000,0.000,0.000,0.000,0.000,0.000,0.000,0.000,0.000,0.000,0.000,0.000,0.000,0.000,0.349,0.529,0.000,0.000,-0.499,-0.001,0.441,0.311,0.000,0.000,0.873,-0.252,0.000
505512314.000,255.000,0.000,0.000,0.000,0.000,0.000,0.000,0.000,0.000,0.000,0.000,0.000,0.000,0.000,0.000,0.000,0.344,0.517,0.000,0.000,-0.498,0.006,0.422,0.323,0.000,0.000,0.848,-0.252,0.000
505512334.000,255.000,0.000,0.000,0.000,0.000,0.000,0.000,0.000,0.000,0.000,0.000,0.000,0.000,0.000,0.000,0.000,0.341,0.518,0.000,0.000,-0.513,-0.011,0.426,0.347,0.000,0.000,0.846,-0.252,0.000
505512364.000,255.000,0.000,0.000,0.000,0.000,0.000,0.000,0.000,0.000,0.000,0.000,0.000,0.000,0.000,0.000,0.000,0.314,0.520,0.000,0.000,-0.494,0.001,0.432,0.349,0.000,0.000,0.863,-0.252,0.000
505512394.000,255.000,0.000,0.000,0.000,0.000,0.000,0.000,0.000,0.000,0.000,0.000,0.000,0.000,0.000,0.000,0.000,0.332,0.490,0.000,0.000,-0.483,0.004,0.425,0.361,0.000,0.000,0.856,-0.252,0.000
505512424.000,255.000,0.000,0.000,0.000,0.000,0.000,0.000,0.000,0.000,0.000,0.000,0.000,0.000,0.000,0.000,0.000,0.332,0.531,0.000,0.000,-0.496,-0.007,0.432,0.330,0.000,0.000,0.860,-0.252,0.000
505512454.000,255.000,0.000,0.000,0.000,0.000,0.000,0.000,0.000,0.000,0.000,0.000,0.000,0.000,0.000,0.000,0.000,0.358,0.524,0.000,0.000,-0.515,-0.010,0.425,0.329,0.000,0.000,0.840,-0.252,0.000
505512475.000,255.000,0.000,0.000,0.000,0.000,0.000,0.000,0.000,0.000,0.000,0.000,0.000,0.000,0.000,0.000,0.000,0.350,0.519,0.000,0.000,-0.472,-0.020,0.407,0.326,0.000,0.000,0.843,-0.252,0.000
505512504.000,255.000,0.000,0.000,0.000,0.000,0.000,0.000,0.000,0.000,0.000,0.000,0.000,0.000,0.000,0.000,0.000,0.329,0.498,0.000,0.000,-0.480,-0.012,0.426,0.328,0.000,0.000,0.844,-0.252,0.000
505512534.000,255.000,0.000,0.000,0.000,0.000,0.000,0.000,0.000,0.000,0.000,0.000,0.000,0.000,0.000,0.000,0.000,0.326,0.497,0.000,0.000,-0.479,-0.014,0.431,0.319,0.000,0.000,0.877,-0.252,0.000
505512564.000,255.000,0.000,0.000,0.000,0.000,0.000,0.000,0.000,0.000,0.000,0.000,0.000,0.000,0.000,0.000,0.000,0.330,0.493,0.000,0.000,-0.500,-0.005,0.416,0.332,0.000,0.000,0.878,-0.252,0.000
505512594.000,255.000,0.000,0.000,0.000,0.000,0.000,0.000,0.000,0.000,0.000,0.000,0.000,0.000,0.000,0.000,0.000,0.346,0.517,0.000,0.000,-0.482,-0.008,0.443,0.352,0.000,0.000,0.865,-0.252,0.000
505512624.000,255.000,0.000,0.000,0.000,0.000,0.000,0.000,0.000,0.000,0.000,0.000,0.000,0.000,0.000,0.000,0.000,0.352,0.534,0.000,0.000,-0.501,-0.028,0.429,0.353,0.000,0.000,0.852,-0.252,0.000
505512654.000,255.000,0.000,0.000,0.000,0.000,0.000,0.000,0.000,0.000,0.000,0.000,0.000,0.000,0.000,0.000,0.000,0.341,0.517,0.000,0.000,-0.479,-0.004,0.406,0.319,0.000,0.000,0.871,-0.252,0.000
505512684.000,255.000,0.000,0.000,0.000,0.000,0.000,0.000,0.000,0.000,0.000,0.000,0.000,0.000,0.000,0.000,0.000,0.327,0.511,0.000,0.000,-0.507,0.011,0.419,0.323,0.000,0.000,0.859,-0.252,0.000
505512714.000,255.000,0.000,0.000,0.000,0.000,0.000,0.000,0.000,0.000,0.000,0.000,0.000,0.000,0.000,0.000,0.000,0.349,0.509,0.000,0.000,-0.506,-0.020,0.405,0.329,0.000,0.000,0.858,-0.252,0.000
505512744.000,255.000,0.000,0.000,0.000,0.000,0.000,0.000,0.000,0.000,0.000,0.000,0.000,0.000,0.000,0.000,0.000,0.345,0.520,0.000,0.000,-0.524,0.010,0.428,0.347,0.000,0.000,0.882,-0.252,0.000
505512774.000,255.000,0.000,0.000,0.000,0.000,0.000,0.000,0.000,0.000,0.000,0.000,0.000,0.000,0.000,0.000,0.000,0.328,0.522,0.000,0.000,-0.498,0.015,0.411,0.345,0.000,0.000,0.887,-0.252,0.000
505512804.000,255.000,0.000,0.000,0.000,0.000,0.000,0.000,0.000,0.000,0.000,0.000,0.000,0.000,0.000,0.000,0.000,0.345,0.525,0.000,0.000,-0.489,-0.005,0.436,0.329,0.000,0.000,0.875,-0.252,0.000
505512834.000,255.000,0.000,0.000,0.000,0.000,0.000,0.000,0.000,0.000,0.000,0.000,0.000,0.000,0.000,0.000,0.000,0.333,0.547,0.000,0.000,-0.498,-0.004,0.451,0.318,0.000,0.000,0.877,-0.252,0.000
505512864.000,255.000,0.000,0.000,0.000,0.000,0.000,0.000,0.000,0.000,0.000,0.000,0.000,0.000,0.000,0.000,0.000,0.333,0.509,0.000,0.000,-0.493,0.025,0.400,0.309,0.000,0.000,0.853,-0.252,0.000
505512894.000,255.000,0.000,0.000,0.000,0.000,0.000,0.000,0.000,0.000,0.000,0.000,0.000,0.000,0.000,0.000,0.000,0.353,0.508,0.000,0.000,-0.473,0.018,0.395,0.313,0.000,0.000,0.831,-0.252,0.000
505512924.000,255.000,0.000,0.000,0.000,0.000,0.000,0.000,0.000,0.000,0.000,0.000,0.000,0.000,0.000,0.000,0.000,0.348,0.518,0.000,0.000,-0.483,0.013,0.425,0.312,0.000,0.000,0.843,-0.252,0.000
505512954.000,255.000,0.000,0.000,0.000,0.000,0.000,0.000,0.000,0.000,0.000,0.000,0.000,0.000,0.000,0.000,0.000,0.348,0.507,0.000,0.000,-0.491,-0.007,0.441,0.323,0.000,0.000,0.832,-0.252,0.000
505512984.000,255.000,0.000,0.000,0.000,0.000,0.000,0.000,0.000,0.000,0.000,0.000,0.000,0.000,0.000,0.000,0.000,0.326,0.521,0.000,0.000,-0.479,-0.000,0.429,0.339,0.000,0.000,0.875,-0.252,0.000
505513014.000,255.000,0.000,0.000,0.000,0.000,0.000,0.000,0.000,0.000,0.000,0.000,0.000,0.000,0.000,0.000,0.000,0.305,0.515,0.000,0.000,-0.481,0.014,0.445,0.311,0.000,0.000,0.872,-0.252,0.000
505513044.000,255.000,0.000,0.000,0.000,0.000,0.000,0.000,0.000,0.000,0.000,0.000,0.000,0.000,0.000,0.000,0.000,0.358,0.500,0.000,0.000,-0.523,0.016,0.432,0.334,0.000,0.000,0.844,-0.252,0.000
505513074.000,255.000,0.000,0.000,0.000,0.000,0.000,0.000,0.000,0.000,0.000,0.000,0.000,0.000,0.000,0.000,0.000,0.332,0.503,0.000,0.000,-0.523,0.004,0.430,0.369,0.000,0.000,0.846,-0.252,0.000
505513104.000,255.000,0.000,0.000,0.000,0.000,0.000,0.000,0.000,0.000,0.000,0.000,0.000,0.000,0.000,0.000,0.000,0.314,0.539,0.000,0.000,-0.487,0.006,0.452,0.316,0.000,0.000,0.866,-0.252,0.000
505513135.000,255.000,0.000,0.000,0.000,0.000,0.000,0.000,0.000,0.000,0.000,0.000,0.000,0.000,0.000,0.000,0.000,0.358,0.521,0.000,0.000,-0.487,0.012,0.416,0.328,0.000,0.000,0.852,-0.252,0.000
505513164.000,255.000,0.000,0.000,0.000,0.000,0.000,0.000,0.000,0.000,0.000,0.000,0.000,0.000,0.000,0.000,0.000,0.374,0.530,0.000,0.000,-0.484,0.014,0.423,0.315,0.000,0.000,0.848,-0.252,0.000
505513194.000,255.000,0.000,0.000,0.000,0.000,0.000,0.000,0.000,0.000,0.000,0.000,0.000,0.000,0.000,0.000,0.000,0.351,0.491,0.000,0.000,-0.489,0.029,0.436,0.359,0.000,0.000,0.882,-0.252,0.000
505513224.000,255.000,0.000,0.000,0.000,0.000,0.000,0.000,0.000,0.000,0.000,0.000,0.000,0.000,0.000,0.000,0.000,0.355,0.500,0.000,0.000,-0.507,0.033,0.437,0.361,0.000,0.000,0.852,-0.252,0.000
505513254.000,255.000,0.000,0.000,0.000,0.000,0.000,0.000,0.000,0.000,0.000,0.000,0.000,0.000,0.000,0.000,0.000,0.361,0.526,0.000,0.000,-0.516,0.025,0.426,0.346,0.000,0.000,0.813,-0.252,0.000
505513284.000,255.000,0.000,0.000,0.000,0.000,0.000,0.000,0.000,0.000,0.000,0.000,0.000,0.000,0.000,0.000,0.000,0.322,0.521,0.000,0.000,-0.511,0.024,0.430,0.326,0.000,0.000,0.856,-0.252,0.000
505513314.000,255.000,0.000,0.000,0.000,0.000,0.000,0.000,0.000,0.000,0.000,0.000,0.000,0.000,0.000,0.000,0.000,0.318,0.538,0.000,0.000,-0.494,0.014,0.434,0.318,0.000,0.000,0.870,-0.252,0.000
505513344.000,255.000,0.000,0.000,0.000,0.000,0.000,0.000,0.000,0.000,0.000,0.000,0.000,0.000,0.000,0.000,0.000,0.327,0.476,0.000,0.000,-0.446,0.003,0.452,0.342,0.000,0.000,0.854,-0.252,0.000
505513374.000,255.000,0.000,0.000,0.000,0.000,0.000,0.000,0.000,0.000,0.000,0.000,0.000,0.000,0.000,0.000,0.000,0.336,0.520,0.000,0.000,-0.524,0.007,0.429,0.337,0.000,0.000,0.845,-0.252,0.000
505513404.000,255.000,0.000,0.000,0.000,0.000,0.000,0.000,0.000,0.000,0.000,0.000,0.000,0.000,0.000,0.000,0.000,0.351,0.522,0.000,0.000,-0.542,0.040,0.427,0.319,0.000,0.000,0.832,-0.252,0.000
505513434.000,255.000,0.000,0.000,0.000,0.000,0.000,0.000,0.000,0.000,0.000,0.000,0.000,0.000,0.000,0.000,0.000,0.354,0.502,0.000,0.000,-0.521,0.032,0.434,0.311,0.000,0.000,0.838,-0.252,0.000
505513464.000,255.000,0.000,0.000,0.000,0.000,0.000,0.000,0.000,0.000,0.000,0.000,0.000,0.000,0.000,0.000,0.000,0.380,0.516,0.000,0.000,-0.532,0.008,0.400,0.367,0.000,0.000,0.859,-0.252,0.000
505513494.000,255.000,0.000,0.000,0.000,0.000,0.000,0.000,0.000,0.000,0.000,0.000,0.000,0.000,0.000,0.000,0.000,0.367,0.482,0.000,0.000,-0.527,-0.011,0.393,0.365,0.000,0.000,0.856,-0.252,0.000
505513524.000,255.000,0.000,0.000,0.000,0.000,0.000,0.000,0.000,0.000,0.000,0.000,0.000,0.000,0.000,0.000,0.000,0.348,0.523,0.000,0.000,-0.532,0.026,0.388,0.345,0.000,0.000,0.847,-0.252,0.000
505513554.000,255.000,0.000,0.000,0.000,0.000,0.000,0.000,0.000,0.000,0.000,0.000,0.000,0.000,0.000,0.000,0.000,0.351,0.518,0.000,0.000,-0.510,0.013,0.396,0.333,0.000,0.000,0.842,-0.252,0.000
505513584.000,255.000,0.000,0.000,0.000,0.000,0.000,0.000,0.000,0.000,0.000,0.000,0.000,0.000,0.000,0.000,0.000,0.335,0.505,0.000,0.000,-0.510,-0.013,0.446,0.323,0.000,0.000,0.847,-0.252,0.000
505513614.000,255.000,0.000,0.000,0.000,0.000,0.000,0.000,0.000,0.000,0.000,0.000,0.000,0.000,0.000,0.000,0.000,0.337,0.528,0.000,0.000,-0.516,0.009,0.450,0.320,0.000,0.000,0.865,-0.252,0.000
505513644.000,255.000,0.000,0.000,0.000,0.000,0.000,0.000,0.000,0.000,0.000,0.000,0.000,0.000,0.000,0.000,0.000,0.354,0.549,0.000,0.000,-0.495,-0.018,0.428,0.305,0.000,0.000,0.854,-0.252,0.000
505513674.000,255.000,0.000,0.000,0.000,0.000,0.000,0.000,0.000,0.000,0.000,0.000,0.000,0.000,0.000,0.000,0.000,0.357,0.534,0.000,0.000,-0.497,-0.012,0.416,0.313,0.000,0.000,0.840,-0.252,0.000
505513704.000,255.000,0.000,0.000,0.000,0.000,0.000,0.000,0.000,0.000,0.000,0.000,0.000,0.000,0.000,0.000,0.000,0.356,0.499,0.000,0.000,-0.529,-0.014,0.436,0.325,0.000,0.000,0.888,-0.252,0.000
505513734.000,255.000,0.000,0.000,0.000,0.000,0.000,0.000,0.000,0.000,0.000,0.000,0.000,0.000,0.000,0.000,0.000,0.356,0.512,0.000,0.000,-0.519,0.011,0.424,0.352,0.000,0.000,0.877,-0.252,0.000
505513764.000,255.000,0.000,0.000,0.000,0.000,0.000,0.000,0.000,0.000,0.000,0.000,0.000,0.000,0.000,0.000,0.000,0.326,0.518,0.000,0.000,-0.505,0.005,0.425,0.346,0.000,0.000,0.850,-0.252,0.000
505513794.000,255.000,0.000,0.000,0.000,0.000,0.000,0.000,0.000,0.000,0.000,0.000,0.000,0.000,0.000,0.000,0.000,0.320,0.509,0.000,0.000,-0.557,0.034,0.421,0.323,0.000,0.000,0.843,-0.252,0.000
505513824.000,255.000,0.000,0.000,0.000,0.000,0.000,0.000,0.000,0.000,0.000,0.000,0.000,0.000,0.000,0.000,0.000,0.340,0.519,0.000,0.000,-0.537,0.014,0.438,0.322,0.000,0.000,0.840,-0.252,0.000
505513854.000,255.000,0.000,0.000,0.000,0.000,0.000,0.000,0.000,0.000,0.000,0.000,0.000,0.000,0.000,0.000,0.000,0.345,0.510,0.000,0.000,-0.494,0.006,0.437,0.314,0.000,0.000,0.839,-0.252,0.000
505513884.000,255.000,0.000,0.000,0.000,0.000,0.000,0.000,0.000,0.000,0.000,0.000,0.000,0.000,0.000,0.000,0.000,0.352,0.502,0.000,0.000,-0.502,-0.005,0.444,0.323,0.000,0.000,0.860,-0.252,0.000
505513914.000,255.000,0.000,0.000,0.000,0.000,0.000,0.000,0.000,0.000,0.000,0.000,0.000,0.000,0.000,0.000,0.000,0.336,0.511,0.000,0.000,-0.494,-0.034,0.424,0.324,0.000,0.000,0.868,-0.252,0.000
505513944.000,255.000,0.000,0.000,0.000,0.000,0.000,0.000,0.000,0.000,0.000,0.000,0.000,0.000,0.000,0.000,0.000,0.363,0.505,0.000,0.000,-0.481,0.012,0.397,0.344,0.000,0.000,0.850,-0.252,0.000
505513974.000,255.000,0.000,0.000,0.000,0.000,0.000,0.000,0.000,0.000,0.000,0.000,0.000,0.000,0.000,0.000,0.000,0.365,0.533,0.000,0.000,-0.475,-0.002,0.424,0.346,0.000,0.000,0.854,-0.252,0.000
505514004.000,255.000,0.000,0.000,0.000,0.000,0.000,0.000,0.000,0.000,0.000,0.000,0.000,0.000,0.000,0.000,0.000,0.344,0.532,0.000,0.000,-0.514,0.037,0.413,0.352,0.000,0.000,0.842,-0.252,0.000
505514034.000,255.000,0.000,0.000,0.000,0.000,0.000,0.000,0.000,0.000,0.000,0.000,0.000,0.000,0.000,0.000,0.000,0.343,0.526,0.000,0.000,-0.490,0.036,0.412,0.325,0.000,0.000,0.866,-0.252,0.000
505514064.000,255.000,0.000,0.000,0.000,0.000,0.000,0.000,0.000,0.000,0.000,0.000,0.000,0.000,0.000,0.000,0.000,0.330,0.542,0.000,0.000,-0.499,0.025,0.423,0.333,0.000,0.000,0.834,-0.252,0.000
505514094.000,255.000,0.000,0.000,0.000,0.000,0.000,0.000,0.000,0.000,0.000,0.000,0.000,0.000,0.000,0.000,0.000,0.308,0.517,0.000,0.000,-0.458,-0.024,0.422,0.329,0.000,0.000,0.839,-0.252,0.000
505514124.000,255.000,0.000,0.000,0.000,0.000,0.000,0.000,0.000,0.000,0.000,0.000,0.000,0.000,0.000,0.000,0.000,0.357,0.535,0.000,0.000,-0.524,0.000,0.438,0.338,0.000,0.000,0.859,-0.252,0.000
505514154.000,255.000,0.000,0.000,0.000,0.000,0.000,0.000,0.000,0.000,0.000,0.000,0.000,0.000,0.000,0.000,0.000,0.317,0.520,0.000,0.000,-0.496,0.004,0.428,0.317,0.000,0.000,0.869,-0.252,0.000
505514184.000,255.000,0.000,0.000,0.000,0.000,0.000,0.000,0.000,0.000,0.000,0.000,0.000,0.000,0.000,0.000,0.000,0.331,0.515,0.000,0.000,-0.480,0.008,0.413,0.330,0.000,0.000,0.859,-0.252,0.000
505514214.000,255.000,0.000,0.000,0.000,0.000,0.000,0.000,0.000,0.000,0.000,0.000,0.000,0.000,0.000,0.000,0.000,0.337,0.495,0.000,0.000,-0.472,-0.002,0.415,0.340,0.000,0.000,0.848,-0.252,0.000
505514234.000,255.000,0.000,0.000,0.000,0.000,0.000,0.000,0.000,0.000,0.000,0.000,0.000,0.000,0.000,0.000,0.000,0.361,0.505,0.000,0.000,-0.482,-0.026,0.430,0.342,0.000,0.000,0.865,-0.252,0.000
505514264.000,255.000,0.000,0.000,0.000,0.000,0.000,0.000,0.000,0.000,0.000,0.000,0.000,0.000,0.000,0.000,0.000,0.350,0.504,0.000,0.000,-0.496,-0.000,0.421,0.341,0.000,0.000,0.874,-0.252,0.000
505514284.000,255.000,0.000,0.000,0.000,0.000,0.000,0.000,0.000,0.000,0.000,0.000,0.000,0.000,0.000,0.000,0.000,0.359,0.528,0.000,0.000,-0.502,0.010,0.428,0.334,0.000,0.000,0.861,-0.252,0.000
505514314.000,255.000,0.000,0.000,0.000,0.000,0.000,0.000,0.000,0.000,0.000,0.000,0.000,0.000,0.000,0.000,0.000,0.344,0.520,0.000,0.000,-0.483,-0.018,0.430,0.339,0.000,0.000,0.860,-0.252,0.000
505514344.000,255.000,0.000,0.000,0.000,0.000,0.000,0.000,0.000,0.000,0.000,0.000,0.000,0.000,0.000,0.000,0.000,0.330,0.516,0.000,0.000,-0.507,-0.030,0.442,0.329,0.000,0.000,0.868,-0.252,0.000
505514374.000,255.000,0.000,0.000,0.000,0.000,0.000,0.000,0.000,0.000,0.000,0.000,0.000,0.000,0.000,0.000,0.000,0.344,0.494,0.000,0.000,-0.513,-0.040,0.445,0.308,0.000,0.000,0.870,-0.252,0.000
505514404.000,255.000,0.000,0.000,0.000,0.000,0.000,0.000,0.000,0.000,0.000,0.000,0.000,0.000,0.000,0.000,0.000,0.340,0.490,0.000,0.000,-0.529,-0.026,0.429,0.324,0.000,0.000,0.874,-0.252,0.000
505514435.000,255.000,0.000,0.000,0.000,0.000,0.000,0.000,0.000,0.000,0.000,0.000,0.000,0.000,0.000,0.000,0.000,0.361,0.535,0.000,0.000,-0.521,-0.007,0.446,0.323,0.000,0.000,0.867,-0.252,0.000
505514464.000,255.000,0.000,0.000,0.000,0.000,0.000,0.000,0.000,0.000,0.000,0.000,0.000,0.000,0.000,0.000,0.000,0.326,0.520,0.000,0.000,-0.480,-0.003,0.443,0.335,0.000,0.000,0.851,-0.252,0.000
505514484.000,255.000,0.000,0.000,0.000,0.000,0.000,0.000,0.000,0.000,0.000,0.000,0.000,0.000,0.000,0.000,0.000,0.315,0.523,0.000,0.000,-0.504,-0.006,0.435,0.336,0.000,0.000,0.826,-0.252,0.000
505514514.000,255.000,0.000,0.000,0.000,0.000,0.000,0.000,0.000,0.000,0.000,0.000,0.000,0.000,0.000,0.000,0.000,0.336,0.517,0.000,0.000,-0.533,0.021,0.420,0.346,0.000,0.000,0.841,-0.252,0.000
505514544.000,255.000,0.000,0.000,0.000,0.000,0.000,0.000,0.000,0.000,0.000,0.000,0.000,0.000,0.000,0.000,0.000,0.318,0.519,0.000,0.000,-0.498,0.016,0.434,0.324,0.000,0.000,0.850,-0.252,0.000
505514574.000,255.000,0.000,0.000,0.000,0.000,0.000,0.000,0.000,0.000,0.000,0.000,0.000,0.000,0.000,0.000,0.000,0.318,0.526,0.000,0.000,-0.505,0.003,0.429,0.316,0.000,0.000,0.853,-0.252,0.000
505514604.000,255.000,0.000,0.000,0.000,0.000,0.000,0.000,0.000,0.000,0.000,0.000,0.000,0.000,0.000,0.000,0.000,0.368,0.535,0.000,0.000,-0.489,-0.010,0.415,0.326,0.000,0.000,0.844,-0.252,0.000
505514635.000,255.000,0.000,0.000,0.000,0.000,0.000,0.000,0.000,0.000,0.000,0.000,0.000,0.000,0.000,0.000,0.000,0.334,0.499,0.000,0.000,-0.485,-0.003,0.422,0.337,0.000,0.000,0.874,-0.252,0.000
505514664.000,255.000,0.000,0.000,0.000,0.000,0.000,0.000,0.000,0.000,0.000,0.000,0.000,0.000,0.000,0.000,0.000,0.345,0.516,0.000,0.000,-0.522,0.013,0.426,0.327,0.000,0.000,0.875,-0.252,0.000
505514694.000,255.000,0.000,0.000,0.000,0.000,0.000,0.000,0.000,0.000,0.000,0.000,0.000,0.000,0.000,0.000,0.000,0.338,0.541,0.000,0.000,-0.517,0.008,0.419,0.357,0.000,0.000,0.851,-0.252,0.000
505514724.000,255.000,0.000,0.000,0.000,0.000,0.000,0.000,0.000,0.000,0.000,0.000,0.000,0.000,0.000,0.000,0.000,0.321,0.531,0.000,0.000,-0.485,0.008,0.431,0.321,0.000,0.000,0.863,-0.252,0.000
505514754.000,255.000,0.000,0.000,0.000,0.000,0.000,0.000,0.000,0.000,0.000,0.000,0.000,0.000,0.000,0.000,0.000,0.328,0.514,0.000,0.000,-0.502,-0.006,0.427,0.340,0.000,0.000,0.843,-0.252,0.000
505514784.000,255.000,0.000,0.000,0.000,0.000,0.000,0.000,0.000,0.000,0.000,0.000,0.000,0.000,0.000,0.000,0.000,0.349,0.522,0.000,0.000,-0.519,-0.016,0.425,0.355,0.000,0.000,0.873,-0.252,0.000
505514814.000,255.000,0.000,0.000,0.000,0.000,0.000,0.000,0.000,0.000,0.000,0.000,0.000,0.000,0.000,0.000,0.000,0.355,0.509,0.000,0.000,-0.462,-0.040,0.415,0.362,0.000,0.000,0.854,-0.252,0.000
505514844.000,255.000,0.000,0.000,0.000,0.000,0.000,0.000,0.000,0.000,0.000,0.000,0.000,0.000,0.000,0.000,0.000,0.336,0.532,0.000,0.000,-0.462,-0.034,0.432,0.353,0.000,0.000,0.853,-0.252,0.000
505514874.000,255.000,0.000,0.000,0.000,0.000,0.000,0.000,0.000,0.000,0.000,0.000,0.000,0.000,0.000,0.000,0.000,0.334,0.499,0.000,0.000,-0.473,0.001,0.444,0.320,0.000,0.000,0.875,-0.252,0.000
505514904.000,255.000,0.000,0.000,0.000,0.000,0.000,0.000,0.000,0.000,0.000,0.000,0.000,0.000,0.000,0.000,0.000,0.342,0.506,0.000,0.000,-0.474,-0.042,0.453,0.345,0.000,0.000,0.830,-0.252,0.000
505514934.000,255.000,0.000,0.000,0.000,0.000,0.000,0.000,0.000,0.000,0.000,0.000,0.000,0.000,0.000,0.000,0.000,0.344,0.514,0.000,0.000,-0.503,-0.030,0.442,0.320,0.000,0.000,0.845,-0.252,0.000
505514964.000,255.000,0.000,0.000,0.000,0.000,0.000,0.000,0.000,0.000,0.000,0.000,0.000,0.000,0.000,0.000,0.000,0.335,0.516,0.000,0.000,-0.497,-0.015,0.440,0.309,0.000,0.000,0.843,-0.252,0.000
505514994.000,255.000,0.000,0.000,0.000,0.000,0.000,0.000,0.000,0.000,0.000,0.000,0.000,0.000,0.000,0.000,0.000,0.332,0.499,0.000,0.000,-0.509,-0.021,0.434,0.330,0.000,0.000,0.860,-0.252,0.000
505515024.000,255.000,0.000,0.000,0.000,0.000,0.000,0.000,0.000,0.000,0.000,0.000,0.000,0.000,0.000,0.000,0.000,0.344,0.500,0.000,0.000,-0.506,-0.025,0.429,0.336,0.000,0.000,0.877,-0.252,0.000
505515054.000,255.000,0.000,0.000,0.000,0.000,0.000,0.000,0.000,0.000,0.000,0.000,0.000,0.000,0.000,0.000,0.000,0.349,0.492,0.000,0.000,-0.507,-0.045,0.466,0.338,0.000,0.000,0.849,-0.252,0.000
505515084.000,255.000,0.000,0.000,0.000,0.000,0.000,0.000,0.000,0.000,0.000,0.000,0.000,0.000,0.000,0.000,0.000,0.324,0.513,0.000,0.000,-0.495,-0.003,0.434,0.352,0.000,0.000,0.862,-0.252,0.000
505515114.000,255.000,0.000,0.000,0.000,0.000,0.000,0.000,0.000,0.000,0.000,0.000,0.000,0.000,0.000,0.000,0.000,0.314,0.512,0.000,0.000,-0.536,0.025,0.435,0.330,0.000,0.000,0.866,-0.252,0.000
505515144.000,255.000,0.000,0.000,0.000,0.000,0.000,0.000,0.000,0.000,0.000,0.000,0.000,0.000,0.000,0.000,0.000,0.335,0.522,0.000,0.000,-0.517,-0.010,0.436,0.329,0.000,0.000,0.860,-0.252,0.000
505515174.000,255.000,0.000,0.000,0.000,0.000,0.000,0.000,0.000,0.000,0.000,0.000,0.000,0.000,0.000,0.000,0.000,0.356,0.537,0.000,0.000,-0.479,-0.016,0.432,0.326,0.000,0.000,0.830,-0.252,0.000
505515204.000,255.000,0.000,0.000,0.000,0.000,0.000,0.000,0.000,0.000,0.000,0.000,0.000,0.000,0.000,0.000,0.000,0.360,0.553,0.000,0.000,-0.455,-0.036,0.431,0.317,0.000,0.000,0.835,-0.252,0.000
505515234.000,255.000,0.000,0.000,0.000,0.000,0.000,0.000,0.000,0.000,0.000,0.000,0.000,0.000,0.000,0.000,0.000,0.344,0.505,0.000,0.000,-0.490,0.001,0.421,0.317,0.000,0.000,0.826,-0.252,0.000
505515264.000,255.000,0.000,0.000,0.000,0.000,0.000,0.000,0.000,0.000,0.000,0.000,0.000,0.000,0.000,0.000,0.000,0.319,0.516,0.000,0.000,-0.530,0.004,0.404,0.346,0.000,0.000,0.827,-0.252,0.000
505515294.000,255.000,0.000,0.000,0.000,0.000,0.000,0.000,0.000,0.000,0.000,0.000,0.000,0.000,0.000,0.000,0.000,0.337,0.532,0.000,0.000,-0.520,0.051,0.417,0.338,0.000,0.000,0.837,-0.252,0.000
505515324.000,255.000,0.000,0.000,0.000,0.000,0.000,0.000,0.000,0.000,0.000,0.000,0.000,0.000,0.000,0.000,0.000,0.324,0.536,0.000,0.000,-0.490,0.009,0.436,0.352,0.000,0.000,0.867,-0.252,0.000
505515354.000,255.000,0.000,0.000,0.000,0.000,0.000,0.000,0.000,0.000,0.000,0.000,0.000,0.000,0.000,0.000,0.000,0.325,0.542,0.000,0.000,-0.464,-0.012,0.426,0.356,0.000,0.000,0.857,-0.252,0.000
505515384.000,255.000,0.000,0.000,0.000,0.000,0.000,0.000,0.000,0.000,0.000,0.000,0.000,0.000,0.000,0.000,0.000,0.325,0.557,0.000,0.000,-0.494,0.006,0.418,0.361,0.000,0.000,0.836,-0.252,0.000
505515414.000,255.000,0.000,0.000,0.000,0.000,0.000,0.000,0.000,0.000,0.000,0.000,0.000,0.000,0.000,0.000,0.000,0.317,0.562,0.000,0.000,-0.511,-0.010,0.405,0.361,0.000,0.000,0.836,-0.252,0.000
505515444.000,255.000,0.000,0.000,0.000,0.000,0.000,0.000,0.000,0.000,0.000,0.000,0.000,0.000,0.000,0.000,0.000,0.316,0.578,0.000,0.000,-0.526,-0.004,0.409,0.356,0.000,0.000,0.852,-0.252,0.000
505515474.000,255.000,0.000,0.000,0.000,0.000,0.000,0.000,0.000,0.000,0.000,0.000,0.000,0.000,0.000,0.000,0.000,0.334,0.544,0.000,0.000,-0.498,-0.010,0.432,0.342,0.000,0.000,0.862,-0.252,0.000
505515504.000,255.000,0.000,0.000,0.000,0.000,0.000,0.000,0.000,0.000,0.000,0.000,0.000,0.000,0.000,0.000,0.000,0.325,0.540,0.000,0.000,-0.514,0.001,0.413,0.354,0.000,0.000,0.866,-0.252,0.000
505515534.000,255.000,0.000,0.000,0.000,0.000,0.000,0.000,0.000,0.000,0.000,0.000,0.000,0.000,0.000,0.000,0.000,0.349,0.535,0.000,0.000,-0.521,0.024,0.412,0.328,0.000,0.000,0.831,-0.252,0.000
505515564.000,255.000,0.000,0.000,0.000,0.000,0.000,0.000,0.000,0.000,0.000,0.000,0.000,0.000,0.000,0.000,0.000,0.346,0.499,0.000,0.000,-0.489,0.011,0.419,0.321,0.000,0.000,0.840,-0.252,0.000
505515594.000,255.000,0.000,0.000,0.000,0.000,0.000,0.000,0.000,0.000,0.000,0.000,0.000,0.000,0.000,0.000,0.000,0.343,0.523,0.000,0.000,-0.514,0.006,0.414,0.328,0.000,0.000,0.858,-0.252,0.000
505515624.000,255.000,0.000,0.000,0.000,0.000,0.000,0.000,0.000,0.000,0.000,0.000,0.000,0.000,0.000,0.000,0.000,0.354,0.515,0.000,0.000,-0.473,-0.039,0.424,0.306,0.000,0.000,0.853,-0.252,0.000
505515654.000,255.000,0.000,0.000,0.000,0.000,0.000,0.000,0.000,0.000,0.000,0.000,0.000,0.000,0.000,0.000,0.000,0.350,0.493,0.000,0.000,-0.486,-0.036,0.421,0.322,0.000,0.000,0.867,-0.252,0.000
505515684.000,255.000,0.000,0.000,0.000,0.000,0.000,0.000,0.000,0.000,0.000,0.000,0.000,0.000,0.000,0.000,0.000,0.365,0.515,0.000,0.000,-0.498,-0.012,0.428,0.324,0.000,0.000,0.865,-0.252,0.000
505515714.000,255.000,0.000,0.000,0.000,0.000,0.000,0.000,0.000,0.000,0.000,0.000,0.000,0.000,0.000,0.000,0.000,0.334,0.512,0.000,0.000,-0.492,-0.013,0.445,0.343,0.000,0.000,0.833,-0.252,0.000
505515744.000,255.000,0.000,0.000,0.000,0.000,0.000,0.000,0.000,0.000,0.000,0.000,0.000,0.000,0.000,0.000,0.000,0.321,0.518,0.000,0.000,-0.538,0.015,0.425,0.344,0.000,0.000,0.858,-0.252,0.000
505515774.000,255.000,0.000,0.000,0.000,0.000,0.000,0.000,0.000,0.000,0.000,0.000,0.000,0.000,0.000,0.000,0.000,0.324,0.548,0.000,0.000,-0.513,0.029,0.413,0.327,0.000,0.000,0.847,-0.252,0.000
505515804.000,255.000,0.000,0.000,0.000,0.000,0.000,0.000,0.000,0.000,0.000,0.000,0.000,0.000,0.000,0.000,0.000,0.341,0.517,0.000,0.000,-0.462,-0.044,0.437,0.323,0.000,0.000,0.837,-0.252,0.000
505515834.000,255.000,0.000,0.000,0.000,0.000,0.000,0.000,0.000,0.000,0.000,0.000,0.000,0.000,0.000,0.000,0.000,0.332,0.526,0.000,0.000,-0.445,-0.037,0.436,0.321,0.000,0.000,0.836,-0.252,0.000
505515864.000,255.000,0.000,0.000,0.000,0.000,0.000,0.000,0.000,0.000,0.000,0.000,0.000,0.000,0.000,0.000,0.000,0.325,0.514,0.000,0.000,-0.472,-0.004,0.432,0.327,0.000,0.000,0.852,-0.252,0.000
505515884.000,255.000,0.000,0.000,0.000,0.000,0.000,0.000,0.000,0.000,0.000,0.000,0.000,0.000,0.000,0.000,0.000,0.365,0.491,0.000,0.000,-0.510,-0.005,0.438,0.348,0.000,0.000,0.860,-0.252,0.000
505515914.000,255.000,0.000,0.000,0.000,0.000,0.000,0.000,0.000,0.000,0.000,0.000,0.000,0.000,0.000,0.000,0.000,0.353,0.492,0.000,0.000,-0.494,-0.008,0.437,0.336,0.000,0.000,0.855,-0.252,0.000
505515934.000,255.000,0.000,0.000,0.000,0.000,0.000,0.000,0.000,0.000,0.000,0.000,0.000,0.000,0.000,0.000,0.000,0.320,0.517,0.000,0.000,-0.511,0.041,0.423,0.325,0.000,0.000,0.879,-0.252,0.000
505515964.000,255.000,0.000,0.000,0.000,0.000,0.000,0.000,0.000,0.000,0.000,0.000,0.000,0.000,0.000,0.000,0.000,0.336,0.536,0.000,0.000,-0.480,0.025,0.422,0.337,0.000,0.000,0.868,-0.252,0.000
505515994.000,255.000,0.000,0.000,0.000,0.000,0.000,0.000,0.000,0.000,0.000,0.000,0.000,0.000,0.000,0.000,0.000,0.331,0.520,0.000,0.000,-0.491,0.011,0.409,0.332,0.000,0.000,0.843,-0.252,0.000
505516024.000,255.000,0.000,0.000,0.000,0.000,0.000,0.000,0.000,0.000,0.000,0.000,0.000,0.000,0.000,0.000,0.000,0.316,0.521,0.000,0.000,-0.529,0.036,0.412,0.334,0.000,0.000,0.861,-0.252,0.000
505516054.000,255.000,0.000,0.000,0.000,0.000,0.000,0.000,0.000,0.000,0.000,0.000,0.000,0.000,0.000,0.000,0.000,0.338,0.535,0.000,0.000,-0.550,0.018,0.421,0.333,0.000,0.000,0.855,-0.252,0.000
505516084.000,255.000,0.000,0.000,0.000,0.000,0.000,0.000,0.000,0.000,0.000,0.000,0.000,0.000,0.000,0.000,0.000,0.387,0.529,0.000,0.000,-0.500,-0.019,0.444,0.340,0.000,0.000,0.840,-0.252,0.000
505516114.000,255.000,0.000,0.000,0.000,0.000,0.000,0.000,0.000,0.000,0.000,0.000,0.000,0.000,0.000,0.000,0.000,0.373,0.509,0.000,0.000,-0.499,-0.023,0.431,0.347,0.000,0.000,0.827,-0.252,0.000
505516144.000,255.000,0.000,0.000,0.000,0.000,0.000,0.000,0.000,0.000,0.000,0.000,0.000,0.000,0.000,0.000,0.000,0.342,0.503,0.000,0.000,-0.509,-0.002,0.437,0.335,0.000,0.000,0.864,-0.252,0.000
505516174.000,255.000,0.000,0.000,0.000,0.000,0.000,0.000,0.000,0.000,0.000,0.000,0.000,0.000,0.000,0.000,0.000,0.317,0.535,0.000,0.000,-0.533,0.014,0.431,0.361,0.000,0.000,0.872,-0.252,0.000
505516204.000,255.000,0.000,0.000,0.000,0.000,0.000,0.000,0.000,0.000,0.000,0.000,0.000,0.000,0.000,0.000,0.000,0.328,0.557,0.000,0.000,-0.518,0.028,0.421,0.340,0.000,0.000,0.876,-0.252,0.000
505516234.000,255.000,0.000,0.000,0.000,0.000,0.000,0.000,0.000,0.000,0.000,0.000,0.000,0.000,0.000,0.000,0.000,0.364,0.515,0.000,0.000,-0.487,0.007,0.430,0.318,0.000,0.000,0.858,-0.252,0.000
505516264.000,255.000,0.000,0.000,0.000,0.000,0.000,0.000,0.000,0.000,0.000,0.000,0.000,0.000,0.000,0.000,0.000,0.307,0.524,0.000,0.000,-0.541,0.014,0.418,0.322,0.000,0.000,0.869,-0.252,0.000
505516294.000,255.000,0.000,0.000,0.000,0.000,0.000,0.000,0.000,0.000,0.000,0.000,0.000,0.000,0.000,0.000,0.000,0.315,0.542,0.000,0.000,-0.516,0.005,0.436,0.330,0.000,0.000,0.876,-0.252,0.000
505516324.000,255.000,0.000,0.000,0.000,0.000,0.000,0.000,0.000,0.000,0.000,0.000,0.000,0.000,0.000,0.000,0.000,0.329,0.564,0.000,0.000,-0.511,0.047,0.452,0.314,0.000,0.000,0.874,-0.252,0.000
505516354.000,255.000,0.000,0.000,0.000,0.000,0.000,0.000,0.000,0.000,0.000,0.000,0.000,0.000,0.000,0.000,0.000,0.330,0.551,0.000,0.000,-0.515,0.040,0.437,0.325,0.000,0.000,0.879,-0.252,0.000
505516384.000,255.000,0.000,0.000,0.000,0.000,0.000,0.000,0.000,0.000,0.000,0.000,0.000,0.000,0.000,0.000,0.000,0.388,0.503,0.000,0.000,-0.447,-0.017,0.424,0.341,0.000,0.000,0.825,-0.252,0.000
505516414.000,255.000,0.000,0.000,0.000,0.000,0.000,0.000,0.000,0.000,0.000,0.000,0.000,0.000,0.000,0.000,0.000,0.381,0.512,0.000,0.000,-0.470,-0.002,0.408,0.331,0.000,0.000,0.827,-0.252,0.000
505516444.000,255.000,0.000,0.000,0.000,0.000,0.000,0.000,0.000,0.000,0.000,0.000,0.000,0.000,0.000,0.000,0.000,0.360,0.507,0.000,0.000,-0.468,-0.009,0.415,0.337,0.000,0.000,0.842,-0.252,0.000
505516474.000,255.000,0.000,0.000,0.000,0.000,0.000,0.000,0.000,0.000,0.000,0.000,0.000,0.000,0.000,0.000,0.000,0.331,0.511,0.000,0.000,-0.503,-0.002,0.416,0.331,0.000,0.000,0.859,-0.252,0.000
505516504.000,255.000,0.000,0.000,0.000,0.000,0.000,0.000,0.000,0.000,0.000,0.000,0.000,0.000,0.000,0.000,0.000,0.318,0.534,0.000,0.000,-0.513,-0.012,0.416,0.324,0.000,0.000,0.833,-0.252,0.000
505516534.000,255.000,0.000,0.000,0.000,0.000,0.000,0.000,0.000,0.000,0.000,0.000,0.000,0.000,0.000,0.000,0.000,0.340,0.515,0.000,0.000,-0.513,-0.005,0.429,0.340,0.000,0.000,0.847,-0.252,0.000
505516564.000,255.000,0.000,0.000,0.000,0.000,0.000,0.000,0.000,0.000,0.000,0.000,0.000,0.000,0.000,0.000,0.000,0.338,0.495,0.000,0.000,-0.479,-0.011,0.420,0.336,0.000,0.000,0.850,-0.252,0.000
505516594.000,255.000,0.000,0.000,0.000,0.000,0.000,0.000,0.000,0.000,0.000,0.000,0.000,0.000,0.000,0.000,0.000,0.318,0.533,0.000,0.000,-0.501,0.005,0.409,0.333,0.000,0.000,0.848,-0.252,0.000
505516624.000,255.000,0.000,0.000,0.000,0.000,0.000,0.000,0.000,0.000,0.000,0.000,0.000,0.000,0.000,0.000,0.000,0.329,0.540,0.000,0.000,-0.508,-0.006,0.397,0.324,0.000,0.000,0.842,-0.252,0.000
505516654.000,255.000,0.000,0.000,0.000,0.000,0.000,0.000,0.000,0.000,0.000,0.000,0.000,0.000,0.000,0.000,0.000,0.339,0.525,0.000,0.000,-0.486,-0.014,0.422,0.348,0.000,0.000,0.837,-0.252,0.000
505516684.000,255.000,0.000,0.000,0.000,0.000,0.000,0.000,0.000,0.000,0.000,0.000,0.000,0.000,0.000,0.000,0.000,0.315,0.512,0.000,0.000,-0.516,-0.019,0.449,0.341,0.000,0.000,0.862,-0.252,0.000
505516714.000,255.000,0.000,0.000,0.000,0.000,0.000,0.000,0.000,0.000,0.000,0.000,0.000,0.000,0.000,0.000,0.000,0.320,0.526,0.000,0.000,-0.515,-0.030,0.446,0.326,0.000,0.000,0.859,-0.252,0.000
505516744.000,255.000,0.000,0.000,0.000,0.000,0.000,0.000,0.000,0.000,0.000,0.000,0.000,0.000,0.000,0.000,0.000,0.329,0.505,0.000,0.000,-0.485,-0.005,0.424,0.329,0.000,0.000,0.845,-0.252,0.000
505516774.000,255.000,0.000,0.000,0.000,0.000,0.000,0.000,0.000,0.000,0.000,0.000,0.000,0.000,0.000,0.000,0.000,0.327,0.536,0.000,0.000,-0.500,0.020,0.434,0.324,0.000,0.000,0.854,-0.252,0.000
505516805.000,255.000,0.000,0.000,0.000,0.000,0.000,0.000,0.000,0.000,0.000,0.000,0.000,0.000,0.000,0.000,0.000,0.331,0.505,0.000,0.000,-0.472,0.003,0.424,0.307,0.000,0.000,0.877,-0.252,0.000
505516836.000,255.000,0.000,0.000,0.000,0.000,0.000,0.000,0.000,0.000,0.000,0.000,0.000,0.000,0.000,0.000,0.000,0.342,0.501,0.000,0.000,-0.469,0.002,0.409,0.332,0.000,0.000,0.868,-0.252,0.000
505516864.000,255.000,0.000,0.000,0.000,0.000,0.000,0.000,0.000,0.000,0.000,0.000,0.000,0.000,0.000,0.000,0.000,0.354,0.508,0.000,0.000,-0.476,0.018,0.417,0.333,0.000,0.000,0.862,-0.252,0.000
505516894.000,255.000,0.000,0.000,0.000,0.000,0.000,0.000,0.000,0.000,0.000,0.000,0.000,0.000,0.000,0.000,0.000,0.324,0.509,0.000,0.000,-0.493,-0.028,0.402,0.327,0.000,0.000,0.842,-0.252,0.000
505516924.000,255.000,0.000,0.000,0.000,0.000,0.000,0.000,0.000,0.000,0.000,0.000,0.000,0.000,0.000,0.000,0.000,0.330,0.514,0.000,0.000,-0.507,-0.042,0.426,0.316,0.000,0.000,0.861,-0.252,0.000
505516954.000,255.000,0.000,0.000,0.000,0.000,0.000,0.000,0.000,0.000,0.000,0.000,0.000,0.000,0.000,0.000,0.000,0.346,0.516,0.000,0.000,-0.484,-0.024,0.421,0.314,0.000,0.000,0.865,-0.252,0.000
505516984.000,255.000,0.000,0.000,0.000,0.000,0.000,0.000,0.000,0.000,0.000,0.000,0.000,0.000,0.000,0.000,0.000,0.319,0.542,0.000,0.000,-0.500,0.017,0.425,0.340,0.000,0.000,0.869,-0.252,0.000
505517014.000,255.000,0.000,0.000,0.000,0.000,0.000,0.000,0.000,0.000,0.000,0.000,0.000,0.000,0.000,0.000,0.000,0.328,0.561,0.000,0.000,-0.514,0.019,0.419,0.341,0.000,0.000,0.867,-0.252,0.000
505517044.000,255.000,0.000,0.000,0.000,0.000,0.000,0.000,0.000,0.000,0.000,0.000,0.000,0.000,0.000,0.000,0.000,0.322,0.547,0.000,0.000,-0.512,-0.002,0.418,0.317,0.000,0.000,0.851,-0.252,0.000
505517074.000,255.000,0.000,0.000,0.000,0.000,0.000,0.000,0.000,0.000,0.000,0.000,0.000,0.000,0.000,0.000,0.000,0.337,0.541,0.000,0.000,-0.507,0.012,0.416,0.312,0.000,0.000,0.850,-0.252,0.000
505517104.000,255.000,0.000,0.000,0.000,0.000,0.000,0.000,0.000,0.000,0.000,0.000,0.000,0.000,0.000,0.000,0.000,0.322,0.524,0.000,0.000,-0.517,-0.007,0.442,0.339,0.000,0.000,0.863,-0.252,0.000
505517134.000,255.000,0.000,0.000,0.000,0.000,0.000,0.000,0.000,0.000,0.000,0.000,0.000,0.000,0.000,0.000,0.000,0.331,0.510,0.000,0.000,-0.498,0.003,0.425,0.335,0.000,0.000,0.856,-0.252,0.000
505517164.000,255.000,0.000,0.000,0.000,0.000,0.000,0.000,0.000,0.000,0.000,0.000,0.000,0.000,0.000,0.000,0.000,0.365,0.511,0.000,0.000,-0.501,-0.008,0.424,0.302,0.000,0.000,0.890,-0.252,0.000
505517194.000,255.000,0.000,0.000,0.000,0.000,0.000,0.000,0.000,0.000,0.000,0.000,0.000,0.000,0.000,0.000,0.000,0.345,0.528,0.000,0.000,-0.465,-0.001,0.412,0.322,0.000,0.000,0.853,-0.252,0.000
505517224.000,255.000,0.000,0.000,0.000,0.000,0.000,0.000,0.000,0.000,0.000,0.000,0.000,0.000,0.000,0.000,0.000,0.344,0.509,0.000,0.000,-0.508,-0.014,0.424,0.317,0.000,0.000,0.839,-0.252,0.000
505517254.000,255.000,0.000,0.000,0.000,0.000,0.000,0.000,0.000,0.000,0.000,0.000,0.000,0.000,0.000,0.000,0.000,0.345,0.516,0.000,0.000,-0.527,0.005,0.428,0.313,0.000,0.000,0.854,-0.252,0.000
505517284.000,255.000,0.000,0.000,0.000,0.000,0.000,0.000,0.000,0.000,0.000,0.000,0.000,0.000,0.000,0.000,0.000,0.365,0.505,0.000,0.000,-0.480,0.003,0.398,0.328,0.000,0.000,0.857,-0.252,0.000
505517305.000,255.000,0.000,0.000,0.000,0.000,0.000,0.000,0.000,0.000,0.000,0.000,0.000,0.000,0.000,0.000,0.000,0.355,0.495,0.000,0.000,-0.495,-0.018,0.414,0.338,0.000,0.000,0.847,-0.252,0.000
505517334.000,255.000,0.000,0.000,0.000,0.000,0.000,0.000,0.000,0.000,0.000,0.000,0.000,0.000,0.000,0.000,0.000,0.306,0.545,0.000,0.000,-0.494,-0.000,0.421,0.320,0.000,0.000,0.854,-0.252,0.000
505517364.000,255.000,0.000,0.000,0.000,0.000,0.000,0.000,0.000,0.000,0.000,0.000,0.000,0.000,0.000,0.000,0.000,0.326,0.553,0.000,0.000,-0.471,-0.018,0.432,0.319,0.000,0.000,0.855,-0.252,0.000
505517394.000,255.000,0.000,0.000,0.000,0.000,0.000,0.000,0.000,0.000,0.000,0.000,0.000,0.000,0.000,0.000,0.000,0.325,0.535,0.000,0.000,-0.497,-0.011,0.429,0.342,0.000,0.000,0.856,-0.252,0.000
505517424.000,255.000,0.000,0.000,0.000,0.000,0.000,0.000,0.000,0.000,0.000,0.000,0.000,0.000,0.000,0.000,0.000,0.330,0.528,0.000,0.000,-0.501,0.024,0.425,0.336,0.000,0.000,0.839,-0.252,0.000
505517454.000,255.000,0.000,0.000,0.000,0.000,0.000,0.000,0.000,0.000,0.000,0.000,0.000,0.000,0.000,0.000,0.000,0.335,0.491,0.000,0.000,-0.486,0.018,0.421,0.316,0.000,0.000,0.837,-0.252,0.000
505517484.000,255.000,0.000,0.000,0.000,0.000,0.000,0.000,0.000,0.000,0.000,0.000,0.000,0.000,0.000,0.000,0.000,0.316,0.515,0.000,0.000,-0.511,-0.015,0.416,0.337,0.000,0.000,0.840,-0.252,0.000
505517514.000,255.000,0.000,0.000,0.000,0.000,0.000,0.000,0.000,0.000,0.000,0.000,0.000,0.000,0.000,0.000,0.000,0.317,0.528,0.000,0.000,-0.486,0.002,0.436,0.330,0.000,0.000,0.849,-0.252,0.000
505517544.000,255.000,0.000,0.000,0.000,0.000,0.000,0.000,0.000,0.000,0.000,0.000,0.000,0.000,0.000,0.000,0.000,0.329,0.531,0.000,0.000,-0.479,0.009,0.442,0.361,0.000,0.000,0.858,-0.252,0.000
505517574.000,255.000,0.000,0.000,0.000,0.000,0.000,0.000,0.000,0.000,0.000,0.000,0.000,0.000,0.000,0.000,0.000,0.375,0.515,0.000,0.000,-0.481,-0.004,0.448,0.341,0.000,0.000,0.855,-0.252,0.000
505517605.000,255.000,0.000,0.000,0.000,0.000,0.000,0.000,0.000,0.000,0.000,0.000,0.000,0.000,0.000,0.000,0.000,0.365,0.490,0.000,0.000,-0.469,-0.014,0.449,0.327,0.000,0.000,0.876,-0.252,0.000
505517634.000,255.000,0.000,0.000,0.000,0.000,0.000,0.000,0.000,0.000,0.000,0.000,0.000,0.000,0.000,0.000,0.000,0.347,0.481,0.000,0.000,-0.502,-0.017,0.421,0.347,0.000,0.000,0.868,-0.252,0.000
505517664.000,255.000,0.000,0.000,0.000,0.000,0.000,0.000,0.000,0.000,0.000,0.000,0.000,0.000,0.000,0.000,0.000,0.329,0.524,0.000,0.000,-0.526,0.018,0.408,0.362,0.000,0.000,0.849,-0.252,0.000
505517694.000,255.000,0.000,0.000,0.000,0.000,0.000,0.000,0.000,0.000,0.000,0.000,0.000,0.000,0.000,0.000,0.000,0.347,0.524,0.000,0.000,-0.498,0.024,0.419,0.342,0.000,0.000,0.842,-0.252,0.000
505517724.000,255.000,0.000,0.000,0.000,0.000,0.000,0.000,0.000,0.000,0.000,0.000,0.000,0.000,0.000,0.000,0.000,0.335,0.522,0.000,0.000,-0.514,0.018,0.434,0.345,0.000,0.000,0.851,-0.252,0.000
505517754.000,255.000,0.000,0.000,0.000,0.000,0.000,0.000,0.000,0.000,0.000,0.000,0.000,0.000,0.000,0.000,0.000,0.332,0.493,0.000,0.000,-0.486,0.025,0.430,0.330,0.000,0.000,0.870,-0.252,0.000
505517784.000,255.000,0.000,0.000,0.000,0.000,0.000,0.000,0.000,0.000,0.000,0.000,0.000,0.000,0.000,0.000,0.000,0.327,0.513,0.000,0.000,-0.514,-0.018,0.435,0.335,0.000,0.000,0.855,-0.252,0.000
505517814.000,255.000,0.000,0.000,0.000,0.000,0.000,0.000,0.000,0.000,0.000,0.000,0.000,0.000,0.000,0.000,0.000,0.344,0.489,0.000,0.000,-0.514,-0.026,0.425,0.340,0.000,0.000,0.846,-0.252,0.000
505517844.000,255.000,0.000,0.000,0.000,0.000,0.000,0.000,0.000,0.000,0.000,0.000,0.000,0.000,0.000,0.000,0.000,0.359,0.529,0.000,0.000,-0.533,0.011,0.438,0.368,0.000,0.000,0.845,-0.252,0.000
505517874.000,255.000,0.000,0.000,0.000,0.000,0.000,0.000,0.000,0.000,0.000,0.000,0.000,0.000,0.000,0.000,0.000,0.354,0.523,0.000,0.000,-0.505,0.040,0.431,0.330,0.000,0.000,0.827,-0.252,0.000
505517904.000,255.000,0.000,0.000,0.000,0.000,0.000,0.000,0.000,0.000,0.000,0.000,0.000,0.000,0.000,0.000,0.000,0.347,0.517,0.000,0.000,-0.518,-0.002,0.435,0.349,0.000,0.000,0.833,-0.252,0.000
505517934.000,255.000,0.000,0.000,0.000,0.000,0.000,0.000,0.000,0.000,0.000,0.000,0.000,0.000,0.000,0.000,0.000,0.362,0.499,0.000,0.000,-0.513,0.018,0.451,0.343,0.000,0.000,0.815,-0.252,0.000
505517964.000,255.000,0.000,0.000,0.000,0.000,0.000,0.000,0.000,0.000,0.000,0.000,0.000,0.000,0.000,0.000,0.000,0.345,0.502,0.000,0.000,-0.495,-0.009,0.452,0.328,0.000,0.000,0.852,-0.252,0.000
505517994.000,255.000,0.000,0.000,0.000,0.000,0.000,0.000,0.000,0.000,0.000,0.000,0.000,0.000,0.000,0.000,0.000,0.324,0.523,0.000,0.000,-0.487,-0.018,0.450,0.319,0.000,0.000,0.888,-0.252,0.000
505518024.000,255.000,0.000,0.000,0.000,0.000,0.000,0.000,0.000,0.000,0.000,0.000,0.000,0.000,0.000,0.000,0.000,0.354,0.521,0.000,0.000,-0.496,-0.014,0.453,0.336,0.000,0.000,0.858,-0.252,0.000
505518054.000,255.000,0.000,0.000,0.000,0.000,0.000,0.000,0.000,0.000,0.000,0.000,0.000,0.000,0.000,0.000,0.000,0.331,0.521,0.000,0.000,-0.504,0.043,0.437,0.315,0.000,0.000,0.859,-0.252,0.000
505518084.000,255.000,0.000,0.000,0.000,0.000,0.000,0.000,0.000,0.000,0.000,0.000,0.000,0.000,0.000,0.000,0.000,0.354,0.519,0.000,0.000,-0.500,0.034,0.413,0.335,0.000,0.000,0.850,-0.252,0.000
505518114.000,255.000,0.000,0.000,0.000,0.000,0.000,0.000,0.000,0.000,0.000,0.000,0.000,0.000,0.000,0.000,0.000,0.376,0.475,0.000,0.000,-0.479,-0.012,0.405,0.331,0.000,0.000,0.867,-0.252,0.000
505518144.000,255.000,0.000,0.000,0.000,0.000,0.000,0.000,0.000,0.000,0.000,0.000,0.000,0.000,0.000,0.000,0.000,0.365,0.472,0.000,0.000,-0.500,-0.004,0.416,0.334,0.000,0.000,0.851,-0.252,0.000
505518174.000,255.000,0.000,0.000,0.000,0.000,0.000,0.000,0.000,0.000,0.000,0.000,0.000,0.000,0.000,0.000,0.000,0.329,0.492,0.000,0.000,-0.513,0.007,0.421,0.327,0.000,0.000,0.864,-0.252,0.000
505518204.000,255.000,0.000,0.000,0.000,0.000,0.000,0.000,0.000,0.000,0.000,0.000,0.000,0.000,0.000,0.000,0.000,0.324,0.558,0.000,0.000,-0.469,0.024,0.444,0.304,0.000,0.000,0.863,-0.252,0.000
505518234.000,255.000,0.000,0.000,0.000,0.000,0.000,0.000,0.000,0.000,0.000,0.000,0.000,0.000,0.000,0.000,0.000,0.338,0.551,0.000,0.000,-0.485,0.019,0.440,0.321,0.000,0.000,0.861,-0.252,0.000
505518264.000,255.000,0.000,0.000,0.000,0.000,0.000,0.000,0.000,0.000,0.000,0.000,0.000,0.000,0.000,0.000,0.000,0.362,0.548,0.000,0.000,-0.511,0.011,0.430,0.342,0.000,0.000,0.858,-0.252,0.000
505518294.000,255.000,0.000,0.000,0.000,0.000,0.000,0.000,0.000,0.000,0.000,0.000,0.000,0.000,0.000,0.000,0.000,0.333,0.514,0.000,0.000,-0.531,0.020,0.416,0.334,0.000,0.000,0.845,-0.252,0.000
505518324.000,255.000,0.000,0.000,0.000,0.000,0.000,0.000,0.000,0.000,0.000,0.000,0.000,0.000,0.000,0.000,0.000,0.327,0.513,0.000,0.000,-0.522,0.017,0.423,0.331,0.000,0.000,0.838,-0.252,0.000
505518354.000,255.000,0.000,0.000,0.000,0.000,0.000,0.000,0.000,0.000,0.000,0.000,0.000,0.000,0.000,0.000,0.000,0.357,0.500,0.000,0.000,-0.518,-0.008,0.430,0.354,0.000,0.000,0.844,-0.252,0.000
505518384.000,255.000,0.000,0.000,0.000,0.000,0.000,0.000,0.000,0.000,0.000,0.000,0.000,0.000,0.000,0.000,0.000,0.336,0.519,0.000,0.000,-0.535,0.005,0.433,0.358,0.000,0.000,0.850,-0.252,0.000
505518414.000,255.000,0.000,0.000,0.000,0.000,0.000,0.000,0.000,0.000,0.000,0.000,0.000,0.000,0.000,0.000,0.000,0.337,0.555,0.000,0.000,-0.493,-0.003,0.437,0.333,0.000,0.000,0.873,-0.252,0.000
505518444.000,255.000,0.000,0.000,0.000,0.000,0.000,0.000,0.000,0.000,0.000,0.000,0.000,0.000,0.000,0.000,0.000,0.352,0.563,0.000,0.000,-0.516,-0.003,0.438,0.326,0.000,0.000,0.861,-0.252,0.000
505518474.000,255.000,0.000,0.000,0.000,0.000,0.000,0.000,0.000,0.000,0.000,0.000,0.000,0.000,0.000,0.000,0.000,0.313,0.529,0.000,0.000,-0.539,-0.017,0.429,0.343,0.000,0.000,0.872,-0.252,0.000
505518504.000,255.000,0.000,0.000,0.000,0.000,0.000,0.000,0.000,0.000,0.000,0.000,0.000,0.000,0.000,0.000,0.000,0.296,0.528,0.000,0.000,-0.527,-0.000,0.423,0.337,0.000,0.000,0.861,-0.252,0.000
505518534.000,255.000,0.000,0.000,0.000,0.000,0.000,0.000,0.000,0.000,0.000,0.000,0.000,0.000,0.000,0.000,0.000,0.312,0.522,0.000,0.000,-0.483,-0.003,0.422,0.294,0.000,0.000,0.870,-0.252,0.000
505518564.000,255.000,0.000,0.000,0.000,0.000,0.000,0.000,0.000,0.000,0.000,0.000,0.000,0.000,0.000,0.000,0.000,0.328,0.535,0.000,0.000,-0.481,-0.017,0.438,0.311,0.000,0.000,0.891,-0.252,0.000
505518594.000,255.000,0.000,0.000,0.000,0.000,0.000,0.000,0.000,0.000,0.000,0.000,0.000,0.000,0.000,0.000,0.000,0.349,0.524,0.000,0.000,-0.503,0.006,0.442,0.341,0.000,0.000,0.884,-0.252,0.000
505518624.000,255.000,0.000,0.000,0.000,0.000,0.000,0.000,0.000,0.000,0.000,0.000,0.000,0.000,0.000,0.000,0.000,0.345,0.524,0.000,0.000,-0.501,-0.000,0.447,0.344,0.000,0.000,0.869,-0.252,0.000
505518654.000,255.000,0.000,0.000,0.000,0.000,0.000,0.000,0.000,0.000,0.000,0.000,0.000,0.000,0.000,0.000,0.000,0.309,0.500,0.000,0.000,-0.492,0.015,0.451,0.328,0.000,0.000,0.872,-0.252,0.000
505518684.000,255.000,0.000,0.000,0.000,0.000,0.000,0.000,0.000,0.000,0.000,0.000,0.000,0.000,0.000,0.000,0.000,0.358,0.495,0.000,0.000,-0.543,0.015,0.455,0.343,0.000,0.000,0.865,-0.252,0.000
505518714.000,255.000,0.000,0.000,0.000,0.000,0.000,0.000,0.000,0.000,0.000,0.000,0.000,0.000,0.000,0.000,0.000,0.377,0.509,0.000,0.000,-0.519,0.008,0.421,0.304,0.000,0.000,0.847,-0.252,0.000
505518744.000,255.000,0.000,0.000,0.000,0.000,0.000,0.000,0.000,0.000,0.000,0.000,0.000,0.000,0.000,0.000,0.000,0.348,0.529,0.000,0.000,-0.539,0.018,0.427,0.323,0.000,0.000,0.865,-0.252,0.000
505518774.000,255.000,0.000,0.000,0.000,0.000,0.000,0.000,0.000,0.000,0.000,0.000,0.000,0.000,0.000,0.000,0.000,0.346,0.517,0.000,0.000,-0.542,0.007,0.416,0.369,0.000,0.000,0.856,-0.252,0.000
